date,Lo 20,Qnt 2,Qnt 3,Qnt 4,Hi 20,Lo 10,Dec 2,Dec 3,Dec 4,Dec 5,Dec 6,Dec 7,Dec 8,Dec 9,Hi 10
196307,    0.49,   -1.41,   -0.60,   -0.32,   -1.38,    0.34,    1.07,   -1.14,   -1.76,   -0.09,   -1.45,    0.94,   -2.28,   -1.27,   -1.48
196308,    4.67,    6.51,    5.61,    6.56,    7.80,    4.26,    6.26,    6.26,    6.81,    5.80,    5.23,    6.50,    6.66,   10.24,    5.26
196309,   -0.76,   -1.83,   -2.06,   -2.42,   -2.37,   -0.32,   -2.24,   -1.99,   -1.60,   -1.59,   -2.53,   -3.58,   -0.46,   -2.54,   -2.18
196310,    3.20,    2.31,    1.82,    2.56,    2.86,    4.11,    0.87,    1.85,    2.85,    1.60,    2.05,    1.97,    3.46,    4.60,    1.36
196311,   -0.34,   -1.18,   -0.22,   -0.90,   -1.32,   -0.08,   -0.85,   -0.74,   -1.72,   -0.85,    0.67,   -0.87,   -0.94,   -0.08,   -2.36
196312,    2.94,    1.37,    1.32,    1.62,   -0.20,    1.51,    4.61,    1.37,    1.36,    1.43,    1.21,    1.97,    1.06,   -0.24,   -0.17
196401,    3.37,    1.74,    1.87,    2.83,   -1.04,    3.70,    2.90,    0.94,    2.34,    1.46,    2.49,    1.64,    4.03,   -0.58,   -1.40
196402,    1.33,    1.91,    1.87,    5.27,    1.93,    1.11,    1.92,    1.31,    2.87,    2.10,    1.51,    5.62,    4.66,    2.59,    1.40
196403,    1.15,    2.53,    2.34,    3.00,    1.59,    0.86,    1.63,    2.88,    1.77,    2.51,    2.10,    3.25,    2.71,    1.07,    1.97
196404,    1.33,   -0.45,   -0.42,   -2.39,   -1.30,    1.40,    1.16,   -0.99,    0.64,   -0.11,   -0.80,   -1.80,   -3.44,   -2.71,    0.12
196405,    1.72,    1.32,    0.82,    1.22,    4.02,    1.88,    1.12,    0.72,    2.18,    0.98,    0.58,    0.87,    1.67,    5.98,    1.77
196406,    1.62,    1.89,    1.93,    1.43,   -0.41,    1.80,    1.17,    1.80,    2.00,    2.32,    1.29,    1.43,    1.42,    0.63,   -1.66
196407,    1.99,    3.07,    1.31,    2.24,   -0.16,    1.62,    3.14,    2.70,    3.46,    1.91,    0.65,    1.48,    3.09,   -1.36,    1.42
196408,   -1.23,   -1.10,   -0.59,   -0.97,   -1.83,   -1.30,   -0.93,   -1.48,   -0.46,   -0.41,   -0.81,   -0.25,   -2.08,   -2.36,   -1.19
196409,    2.57,    2.16,    3.82,    5.62,    6.08,    2.58,    2.54,    1.79,    2.59,    3.12,    4.58,    5.57,    5.70,    6.75,    5.08
196410,    0.66,    1.60,    1.18,    1.88,   -1.23,    0.91,   -0.16,    1.93,    1.19,    1.38,    0.98,    2.36,    1.24,   -1.71,   -0.62
196411,    0.50,   -0.14,    0.81,    0.39,   -2.80,    0.46,    0.66,   -0.22,    0.00,    0.99,    0.62,    2.26,   -2.06,   -2.86,   -2.72
196412,    0.78,   -0.13,    0.19,   -0.43,   -0.57,    1.03,   -0.06,    0.13,   -0.63,   -0.36,    0.80,   -0.50,   -0.33,    0.47,   -1.87
196501,    3.09,    4.48,    4.94,    3.93,    7.48,    2.03,    5.68,    4.45,    4.53,    4.56,    5.55,    3.14,    5.53,    4.93,    9.92
196502,   -0.53,    1.87,    2.26,    3.21,    4.78,   -0.86,    0.40,    1.54,    2.52,    2.47,    2.03,    3.31,    3.05,    5.20,    4.34
196503,   -1.17,   -0.98,   -0.65,   -0.84,    0.64,   -1.35,   -0.47,   -0.82,   -1.24,   -0.74,   -0.53,   -0.48,   -1.33,    0.96,    0.37
196504,    3.29,    2.65,    3.96,    5.83,    3.13,    3.78,    1.58,    1.92,    3.91,    3.34,    4.69,    5.94,    5.67,    2.84,    3.45
196505,   -0.50,    0.09,   -0.14,   -1.27,   -1.32,   -0.33,   -0.99,    0.59,   -0.35,    0.12,   -0.42,   -0.63,   -2.20,   -0.10,   -2.34
196506,   -4.14,   -4.80,   -6.56,   -8.33,  -11.32,   -4.06,   -4.34,   -4.14,   -6.15,   -6.63,   -6.48,   -8.03,   -8.74,   -9.50,  -12.92
196507,    1.55,    1.09,    1.81,    2.90,    5.66,    1.56,    1.53,    0.73,    1.90,    0.88,    3.03,    3.50,    1.96,    7.95,    3.37
196508,    2.11,    3.15,    4.65,    6.14,    7.40,    1.63,    3.16,    2.97,    3.41,    4.73,    4.57,    6.71,    5.25,    7.89,    6.82
196509,    2.89,    2.85,    4.08,    4.14,    4.36,    3.23,    1.70,    2.79,    2.94,    4.18,    3.97,    4.02,    4.26,    5.17,    3.46
196510,    1.54,    2.81,    5.32,    5.80,    7.54,    1.55,    1.53,    2.43,    3.32,    5.17,    5.52,    5.54,    6.21,    6.95,    8.37
196511,   -1.40,   -0.02,    3.22,    4.79,    6.67,   -2.12,    0.70,   -0.68,    0.84,    2.77,    4.08,    3.06,    6.81,    3.37,   10.53
196512,    0.12,    2.23,    2.49,    4.61,    3.70,   -0.49,    1.44,    2.93,    1.43,    2.21,    2.77,    4.02,    5.25,    3.37,    4.08
196601,   -0.73,    1.55,    3.68,    6.19,    5.67,   -1.16,    0.33,    1.57,    1.53,    3.63,    3.74,    6.83,    5.33,    4.66,    7.03
196602,   -2.18,   -2.15,    1.76,    2.60,    5.66,   -2.82,   -0.83,   -2.33,   -1.90,    1.76,    1.77,    1.39,    3.86,    5.04,    6.32
196603,   -2.90,   -1.11,   -1.17,   -0.95,   -2.15,   -3.19,   -2.10,   -0.57,   -1.70,   -3.39,    1.98,    0.89,   -3.15,   -2.73,   -1.69
196604,    1.79,    1.20,    4.63,    4.18,    5.10,    1.67,    2.08,    1.15,    1.28,    4.04,    5.45,    2.69,    5.56,    3.81,    6.52
196605,   -4.18,   -3.74,   -6.44,   -8.40,  -11.89,   -4.06,   -4.68,   -3.13,   -4.34,   -6.52,   -6.33,   -8.23,   -8.63,  -10.93,  -12.84
196606,   -2.03,   -0.16,   -0.70,   -0.29,    2.42,   -2.24,   -1.48,    0.08,   -0.45,   -1.35,    0.33,   -1.08,    0.67,    2.48,    2.36
196607,   -0.54,   -2.02,   -2.11,   -1.81,   -2.34,   -0.36,   -0.91,   -2.99,   -0.60,   -1.61,   -2.99,   -3.18,   -0.16,   -0.79,   -3.94
196608,   -6.27,   -8.65,   -8.08,   -8.99,  -10.17,   -5.85,   -7.04,   -7.95,   -9.48,   -8.30,   -7.67,   -9.18,   -8.76,   -9.27,  -11.51
196609,   -0.22,    0.70,   -0.46,   -2.64,   -4.87,    0.35,   -1.77,   -0.25,    2.13,    0.53,   -1.67,   -1.64,   -4.10,   -5.37,   -4.22
196610,    5.78,    5.24,    5.43,    2.30,   -6.26,    6.31,    4.36,    6.46,    3.79,    6.00,    4.64,    4.10,   -0.74,   -4.59,   -9.04
196611,   -0.89,    1.67,    2.28,    5.99,   14.23,   -1.48,    0.06,    2.25,    1.03,    1.93,    2.72,    4.22,    8.18,   14.98,   12.86
196612,   -0.12,    0.64,    1.70,    1.02,    1.39,    0.01,   -0.41,    1.06,    0.19,    2.73,    0.42,   -0.07,    2.46,    2.03,    0.34
196701,    6.91,    7.35,   10.22,   11.64,   18.59,    7.52,    5.57,    6.89,    7.86,    9.49,   10.85,   10.06,   14.11,   15.18,   22.98
196702,    0.67,    0.64,    1.87,    1.81,    4.45,    1.37,   -0.70,   -0.28,    1.62,    2.16,    1.46,    2.43,    1.09,    2.89,    5.95
196703,    3.82,    4.59,    4.98,    6.76,    4.96,    3.29,    4.65,    5.23,    3.89,    4.57,    5.65,    5.93,    8.25,    3.79,    6.24
196704,    3.99,    3.37,    5.93,    4.95,    5.18,    3.51,    4.91,    2.64,    4.21,    4.43,    7.72,    5.79,    3.98,    6.53,    3.88
196705,   -4.40,   -3.87,   -4.11,   -2.48,   -2.25,   -3.93,   -5.31,   -3.63,   -4.16,   -4.40,   -3.81,   -3.24,   -1.62,   -1.68,   -2.82
196706,    1.49,    1.34,    3.86,    6.41,   10.60,    1.48,    1.50,    1.11,    1.69,    4.31,    3.36,    5.73,    7.32,    8.66,   12.18
196707,    3.58,    5.36,    5.70,    7.70,    8.29,    2.58,    6.10,    6.98,    3.99,    5.24,    6.34,    7.91,    7.45,    7.25,    9.46
196708,   -0.72,   -0.37,    0.36,   -1.17,   -1.48,   -1.05,   -0.38,    0.96,   -1.72,    0.90,   -0.50,   -0.48,   -2.23,   -1.03,   -1.95
196709,    3.43,    2.86,    3.32,    3.26,    5.35,    4.47,    2.55,    2.89,    2.83,    3.40,    3.21,    2.43,    4.52,    4.35,    6.26
196710,   -1.67,   -4.91,   -5.04,   -0.37,   -2.35,    0.23,   -3.45,   -5.07,   -4.74,   -5.04,   -5.05,   -0.42,   -0.32,   -1.72,   -2.93
196711,    0.88,   -0.38,    0.93,    1.64,    0.92,    0.60,    1.49,   -0.95,    0.26,    1.00,    0.86,    1.69,    1.57,    1.61,    0.27
196712,    2.66,    2.52,    2.14,    5.62,    9.33,    2.13,    4.02,    1.39,    3.89,    2.44,    1.79,    4.78,    6.93,    6.40,   12.48
196801,   -2.21,   -5.26,   -4.30,   -6.40,   -4.11,   -1.86,   -3.18,   -5.25,   -5.29,   -3.18,   -5.41,   -6.47,   -6.29,   -6.30,   -2.38
196802,   -1.90,   -3.64,   -3.68,   -5.53,   -9.14,   -1.67,   -2.46,   -2.58,   -5.09,   -3.90,   -3.41,   -6.24,   -4.38,   -8.01,  -10.03
196803,    0.65,   -0.07,    0.95,    2.33,   -0.44,    1.13,   -0.43,   -0.73,    0.77,    1.56,    0.17,    2.13,    2.58,    1.87,   -2.25
196804,    7.34,    9.81,   10.33,   13.47,   17.04,    6.82,    8.95,    9.76,    9.86,    9.96,   10.77,   13.80,   13.18,   17.09,   17.00
196805,    1.10,    2.59,    3.82,    4.89,    8.79,    0.90,    1.67,    2.52,    2.71,    4.00,    3.65,    4.87,    4.91,    8.03,    9.47
196806,    1.79,    1.20,    1.04,   -0.10,   -1.60,    1.43,    2.69,    1.26,    1.11,    1.02,    1.07,   -0.36,    0.34,   -0.76,   -2.35
196807,   -0.92,   -2.67,   -3.07,   -6.39,   -4.62,   -0.62,   -1.53,   -3.09,   -2.17,   -2.58,   -3.50,   -6.67,   -6.09,   -5.55,   -3.86
196808,    1.23,    2.13,    3.17,    1.84,    3.04,    1.00,    1.65,    1.97,    2.35,    3.95,    2.33,    1.95,    1.71,    2.70,    3.25
196809,    2.84,    4.64,    5.25,    7.15,    9.70,    3.33,    2.19,    5.13,    3.97,    5.10,    5.42,    6.95,    7.36,    8.16,   10.84
196810,    1.10,    1.49,    1.97,   -0.09,   -2.19,    1.28,    0.75,    0.89,    2.24,    2.97,    0.67,    0.07,   -0.31,   -1.65,   -2.57
196811,    4.39,    6.21,    7.39,    8.17,    8.71,    4.37,    4.44,    6.39,    5.94,    7.32,    7.46,    8.21,    8.11,    9.33,    8.25
196812,   -4.56,   -2.85,   -2.89,   -2.54,   -0.85,   -4.73,   -4.13,   -2.48,   -3.34,   -2.70,   -3.15,   -2.75,   -2.33,   -2.28,    0.40
196901,   -0.77,    0.18,   -0.80,   -1.61,   -2.49,   -1.01,   -0.05,    0.34,   -0.02,    0.24,   -1.78,   -0.93,   -2.32,   -3.51,   -1.59
196902,   -2.98,   -5.84,   -7.10,   -8.14,  -10.79,   -2.32,   -4.84,   -5.81,   -5.89,   -6.21,   -8.15,   -6.82,   -9.56,  -10.66,  -10.91
196903,    3.44,    3.31,    3.19,    2.07,    1.91,    3.38,    3.57,    3.49,    3.08,    3.32,    3.02,    1.20,    3.01,    2.47,    1.36
196904,    2.49,    1.65,    1.07,    1.78,    1.68,    2.76,    1.89,    1.62,    1.69,    0.73,    1.47,    1.57,    2.12,    2.14,    1.22
196905,    0.69,    0.46,   -0.66,    0.25,   -0.12,    0.51,    1.11,    0.80,    0.13,   -0.65,   -0.67,    1.66,   -2.32,    0.29,   -0.54
196906,   -3.79,   -6.93,   -8.77,  -10.46,  -14.57,   -3.38,   -4.73,   -6.94,   -6.92,   -7.68,  -10.04,   -9.72,  -11.51,  -12.76,  -16.08
196907,   -4.98,   -6.75,   -7.03,   -8.49,  -11.39,   -5.29,   -4.08,   -6.22,   -7.26,   -6.55,   -7.69,   -6.91,  -10.54,  -11.08,  -11.64
196908,    3.79,    5.12,    7.11,    7.23,    8.08,    3.67,    4.12,    5.48,    4.77,    7.30,    6.84,    6.56,    7.97,    7.60,    8.50
196909,   -2.51,   -1.05,   -3.71,   -3.13,   -2.32,   -2.60,   -2.19,   -1.28,   -0.67,   -3.64,   -3.78,   -4.45,   -0.86,   -1.76,   -2.83
196910,    4.93,    5.09,    5.68,    8.74,    7.78,    3.74,    7.34,    6.13,    4.16,    4.31,    7.86,    9.36,    8.07,    7.70,    7.87
196911,   -2.65,   -3.35,   -3.27,   -4.44,   -6.07,   -2.65,   -2.66,   -3.76,   -2.86,   -2.58,   -4.15,   -3.81,   -4.98,   -4.66,   -7.39
196912,   -0.70,   -2.56,   -1.97,   -3.58,   -6.56,   -1.38,    0.92,   -2.83,   -2.20,   -2.57,   -1.00,   -3.74,   -3.38,   -4.15,   -8.67
197001,   -6.25,   -7.43,   -9.49,  -10.58,   -9.63,   -6.22,   -6.30,   -6.89,   -8.12,   -8.99,   -9.95,  -10.41,  -10.77,  -10.03,   -9.29
197002,    5.37,    6.38,    6.93,    7.06,    2.72,    5.40,    5.29,    7.06,    5.66,    7.15,    6.71,    7.19,    6.84,    4.15,    1.33
197003,    0.33,    0.54,   -0.70,   -2.54,   -5.11,    1.35,   -2.14,    1.53,   -0.94,    0.33,   -2.15,   -1.88,   -3.35,   -4.52,   -5.70
197004,   -8.16,   -9.23,  -12.76,  -14.34,  -19.96,   -8.24,   -7.97,   -8.57,   -9.97,  -11.83,  -13.97,  -13.18,  -16.01,  -17.55,  -21.99
197005,   -5.51,   -5.54,   -6.86,   -8.67,  -11.89,   -5.68,   -5.08,   -5.52,   -5.57,   -7.19,   -6.51,   -7.45,  -10.05,  -10.84,  -13.12
197006,   -4.19,   -4.57,   -5.53,   -9.20,  -11.95,   -4.52,   -3.35,   -3.11,   -6.34,   -4.12,   -6.90,   -8.56,   -9.80,  -12.01,  -11.91
197007,    7.25,    7.28,    9.37,    7.58,    6.32,    7.52,    6.42,    5.76,    8.90,   10.73,    7.79,    7.59,    7.57,    8.92,    3.75
197008,    4.36,    4.08,    6.32,    7.96,    9.64,    4.54,    3.85,    3.62,    4.69,    5.46,    7.64,    6.18,   10.07,   10.96,    8.29
197009,    2.29,    4.32,    7.05,   10.26,   17.80,    1.83,    3.48,    3.61,    5.35,    6.36,    7.96,    9.63,   11.04,   15.34,   20.44
197010,   -0.43,   -0.83,   -3.40,   -6.39,  -10.10,   -0.55,   -0.12,   -0.22,   -1.41,   -3.04,   -3.87,   -4.77,   -8.52,   -8.64,  -11.67
197011,    6.00,    4.50,    4.78,    3.93,   -0.91,    6.30,    5.11,    4.42,    4.61,    4.81,    4.74,    3.77,    4.15,    0.82,   -2.56
197012,    5.36,    7.21,    6.89,    8.69,    6.45,    5.48,    5.01,    6.61,    7.87,    6.78,    7.05,    7.72,   10.25,    8.92,    3.93
197101,    3.45,    5.73,    7.19,   11.22,   13.33,    2.92,    5.15,    4.27,    7.21,    6.13,    8.28,   10.08,   12.74,   11.94,   14.84
197102,    1.10,    1.91,    2.80,    3.11,    4.13,    1.01,    1.39,    1.97,    1.85,    1.78,    4.20,    3.05,    3.19,    3.36,    4.87
197103,    4.13,    3.63,    5.73,    5.63,    5.98,    4.19,    4.00,    3.35,    4.05,    5.53,    6.00,    4.68,    7.20,    6.09,    5.84
197104,    3.13,    2.86,    4.65,    5.83,    3.22,    2.60,    4.73,    1.90,    4.09,    4.46,    4.85,    5.76,    5.93,    3.25,    3.20
197105,   -3.96,   -2.85,   -2.54,   -4.55,   -5.64,   -4.20,   -3.10,   -3.10,   -2.49,   -2.85,   -2.01,   -4.06,   -5.29,   -5.09,   -6.18
197106,    0.81,    0.90,   -0.17,   -0.72,   -3.93,    0.43,    1.76,    0.37,    1.80,    0.63,   -1.28,    0.02,   -1.69,   -3.93,   -3.93
197107,   -3.30,   -3.57,   -4.35,   -6.35,   -9.09,   -3.30,   -3.31,   -3.16,   -4.10,   -4.07,   -4.71,   -6.32,   -6.40,   -8.33,   -9.89
197108,    3.87,    3.66,    4.70,    6.62,    5.88,    3.96,    3.69,    3.94,    3.27,    3.46,    6.00,    7.09,    5.90,    7.83,    4.22
197109,    0.23,   -1.45,   -0.41,   -1.42,   -1.33,    0.69,   -0.94,   -1.91,   -0.85,   -0.03,   -1.00,   -1.65,   -1.06,    0.07,   -2.57
197110,   -2.57,   -3.96,   -5.72,   -7.13,   -7.82,   -1.59,   -4.75,   -3.43,   -5.03,   -5.45,   -6.20,   -6.71,   -7.63,   -6.03,   -9.49
197111,    0.74,   -0.13,   -0.69,   -1.43,   -4.21,    0.96,    0.33,   -0.04,   -0.26,    0.39,   -2.60,   -0.39,   -2.96,   -4.28,   -4.14
197112,    8.29,    8.59,    9.31,   12.24,   13.71,    7.95,    9.34,    8.67,    8.49,    9.10,    9.59,   11.15,   13.77,   13.76,   13.66
197201,    1.88,    1.14,    4.20,    5.38,   10.17,    2.41,    0.85,    0.38,    2.32,    2.68,    6.10,    3.86,    7.33,    8.27,   12.33
197202,    2.61,    3.12,    4.12,    4.47,    4.19,    1.51,    4.69,    2.30,    4.32,    5.12,    3.12,    4.72,    4.13,    4.49,    3.85
197203,    1.57,    0.41,   -0.07,   -0.15,   -0.86,    1.82,    0.96,    0.08,    0.80,   -0.75,    0.83,    0.08,   -0.41,   -0.93,   -0.78
197204,    0.06,    1.75,    0.68,    1.67,   -0.77,   -0.36,    0.97,    2.31,    0.76,    0.83,    0.41,    0.13,    3.04,    0.66,   -2.15
197205,    2.35,    1.61,    0.51,    0.42,   -1.31,    2.42,    2.17,    2.40,    0.46,    0.73,    0.03,    0.80,    0.01,    0.16,   -2.72
197206,   -1.41,   -1.85,   -3.44,   -4.89,   -3.36,   -1.16,   -2.07,   -1.41,   -2.32,   -3.64,   -3.17,   -5.15,   -4.59,   -3.68,   -3.02
197207,    1.23,   -0.53,   -2.46,   -4.86,   -5.66,    1.35,    0.94,   -0.91,   -0.06,   -2.36,   -2.58,   -4.73,   -5.01,   -3.55,   -7.83
197208,    3.71,    4.37,    3.57,    3.33,   -0.02,    3.45,    4.33,    4.62,    4.00,    3.62,    3.52,    3.90,    2.61,    1.22,   -1.25
197209,    0.25,   -0.83,   -1.13,   -3.06,   -5.03,    0.55,   -0.37,   -0.11,   -1.62,   -1.11,   -1.17,   -3.09,   -3.01,   -4.31,   -5.85
197210,    1.29,    1.42,    0.81,    0.33,   -3.11,   -0.07,    3.62,    1.47,    1.36,    1.37,   -0.03,    1.69,   -1.33,   -1.42,   -4.72
197211,    4.01,    5.99,    6.77,    5.43,    5.72,    4.24,    3.50,    6.10,    5.87,    6.11,    8.07,    4.65,    6.28,    7.08,    4.38
197212,    2.02,    0.97,   -0.20,   -2.08,   -2.31,    2.45,    1.10,    1.48,    0.19,   -0.32,   -0.01,   -1.57,   -2.55,   -1.03,   -3.60
197301,   -0.30,   -3.99,   -6.14,   -7.23,   -9.61,    0.65,   -2.30,   -2.71,   -5.84,   -6.30,   -5.92,   -6.23,   -8.37,   -8.40,  -10.97
197302,   -3.12,   -4.27,   -5.96,   -6.71,  -10.09,   -3.09,   -3.19,   -3.21,   -5.56,   -5.61,   -6.43,   -7.42,   -6.06,   -9.33,  -10.88
197303,   -0.45,   -0.50,   -0.62,   -1.19,   -2.84,   -0.25,   -0.97,    0.65,   -1.85,   -0.50,   -0.79,   -0.15,   -2.90,   -2.04,   -3.92
197304,   -3.29,   -4.75,   -8.36,   -7.94,  -11.06,   -2.87,   -4.31,   -5.15,   -4.21,   -9.30,   -7.33,   -6.41,   -9.87,  -10.32,  -11.64
197305,   -0.77,   -2.64,   -2.88,   -5.46,  -10.52,   -1.30,    0.26,   -2.70,   -2.57,   -2.63,   -3.15,   -4.48,   -6.41,   -9.72,  -11.19
197306,    0.04,   -1.16,   -2.65,   -3.45,   -4.76,   -0.40,    0.77,   -0.82,   -1.70,   -3.69,   -1.10,   -3.31,   -3.61,   -5.58,   -3.94
197307,    2.15,    5.86,   12.32,   13.52,   17.91,    1.46,    3.81,    4.35,    7.89,   12.75,   11.72,   13.24,   13.91,   16.92,   18.95
197308,   -3.38,   -2.55,   -2.56,   -1.95,   -6.23,   -3.77,   -2.26,   -3.09,   -1.65,   -0.76,   -4.78,   -1.21,   -2.90,   -4.00,   -8.72
197309,    2.60,    7.76,    7.95,    9.55,   11.56,    1.63,    5.34,    6.36,   10.06,    7.00,    9.37,    9.99,    8.96,   12.83,   10.34
197310,   -0.43,    2.00,   -1.90,   -1.40,   -3.48,   -0.79,    0.27,    3.11,   -0.12,   -1.42,   -2.55,    0.04,   -3.46,   -3.80,   -3.21
197311,   -9.71,  -11.70,  -14.70,  -18.32,  -21.64,   -9.90,   -9.36,  -11.96,  -11.43,  -13.43,  -17.24,  -18.23,  -18.43,  -22.34,  -20.96
197312,    1.68,    1.98,    0.60,   -1.70,   -1.76,    0.99,    3.35,    1.81,    2.28,    0.73,    0.39,   -1.08,   -2.51,   -0.78,   -2.76
197401,   -0.41,   -1.12,    1.82,    4.90,    9.29,   -0.51,   -0.19,   -1.95,    0.09,    0.46,    3.30,    1.28,   10.04,    6.51,   12.27
197402,    0.16,   -0.04,    0.03,    0.83,   -0.55,   -0.34,    1.24,    0.79,   -1.15,    0.02,    0.06,    0.19,    1.55,   -0.50,   -0.60
197403,   -2.13,   -2.60,   -1.32,   -3.89,   -2.21,   -1.94,   -2.50,   -2.31,   -3.02,   -1.13,   -1.65,   -4.42,   -3.24,   -3.33,   -0.82
197404,   -4.20,   -3.98,   -4.87,   -6.16,   -7.37,   -4.22,   -4.13,   -3.54,   -4.68,   -3.83,   -6.31,   -5.41,   -7.27,   -6.43,   -8.50
197405,   -2.66,   -4.35,   -5.14,   -7.32,   -9.50,   -1.79,   -5.12,   -4.97,   -3.52,   -5.66,   -4.37,   -6.48,   -8.32,   -9.52,   -9.48
197406,   -1.49,   -1.82,   -3.90,   -3.91,   -6.00,   -0.83,   -3.72,   -0.92,   -3.19,   -4.24,   -3.48,   -2.52,   -6.01,   -4.97,   -7.02
197407,   -7.87,   -7.80,   -5.92,   -5.08,   -6.22,   -8.64,   -5.34,   -8.70,   -6.29,   -6.08,   -5.65,   -5.49,   -4.64,   -7.51,   -4.05
197408,   -8.01,  -10.39,   -8.72,   -9.67,  -10.47,   -7.58,   -9.22,   -9.72,  -11.41,   -9.31,   -8.10,  -10.07,   -9.13,  -10.15,  -10.90
197409,  -11.50,   -9.36,   -9.02,  -12.53,  -11.76,  -10.98,  -12.80,  -10.02,   -8.56,   -9.24,   -8.82,  -13.42,  -11.31,  -10.81,  -12.77
197410,   14.81,   18.90,   18.87,   20.17,   17.22,   13.71,   17.36,   18.31,   19.48,   16.00,   22.12,   20.45,   19.69,   18.52,   15.16
197411,   -4.46,   -3.95,   -1.35,   -4.26,   -6.33,   -4.82,   -3.73,   -5.01,   -2.67,   -1.48,   -1.15,   -4.46,   -4.05,   -5.65,   -7.36
197412,   -0.89,   -3.83,   -4.92,   -4.38,   -8.49,   -1.16,   -0.43,   -3.81,   -3.87,   -4.47,   -5.39,   -4.06,   -4.70,   -5.87,  -12.05
197501,   11.00,   16.38,   15.19,   21.91,   28.92,    9.75,   13.08,   13.81,   20.81,   12.88,   17.53,   21.34,   22.56,   27.17,   31.42
197502,    6.08,    5.57,    6.05,    6.69,    5.64,    3.61,    9.00,    4.90,    6.64,    4.57,    8.12,    4.85,    9.22,    7.58,    2.62
197503,    1.56,    2.96,    5.80,    6.93,   10.80,    1.48,    1.65,    3.18,    2.61,    5.75,    5.88,    6.82,    7.08,   10.39,   11.52
197504,    4.39,    4.55,    5.16,    6.42,    4.15,    3.99,    5.08,    4.09,    5.63,    6.20,    3.43,    6.45,    6.40,    6.05,    1.33
197505,    4.68,    6.44,    6.39,    8.16,    8.95,    4.44,    5.12,    6.08,    6.97,    4.62,    8.55,    8.62,    7.56,    8.44,    9.76
197506,    4.53,    6.14,    6.23,    5.93,    6.84,    4.20,    5.23,    5.66,    6.68,    5.97,    6.68,    5.08,    7.32,    7.11,    6.47
197507,   -6.07,   -6.35,   -6.42,   -5.80,   -5.44,   -6.14,   -5.89,   -6.23,   -6.54,   -7.03,   -5.44,   -6.10,   -5.43,   -5.92,   -4.82
197508,   -1.82,   -2.00,   -3.37,   -4.31,   -6.70,   -1.85,   -1.76,   -1.53,   -2.63,   -2.89,   -4.14,   -3.78,   -4.95,   -6.16,   -7.36
197509,   -3.03,   -4.65,   -4.18,   -4.81,   -5.86,   -3.05,   -2.97,   -4.06,   -5.42,   -4.37,   -3.89,   -4.48,   -5.29,   -5.49,   -6.29
197510,    6.16,    6.15,    6.20,    5.10,    0.92,    6.99,    4.39,    6.71,    5.40,    6.07,    6.37,    5.51,    4.58,    2.01,   -0.56
197511,    3.08,    2.62,    3.25,    4.47,    2.05,    3.28,    2.56,    2.34,    3.00,    3.07,    3.50,    4.82,    4.04,    2.67,    1.20
197512,   -1.28,   -0.84,   -1.57,   -0.32,    0.01,   -1.01,   -1.78,   -1.12,   -0.55,   -1.63,   -1.47,    0.11,   -0.84,   -0.68,    0.82
197601,   11.18,   12.12,   16.42,   16.13,   19.52,   10.49,   13.51,   10.35,   15.56,   15.63,   17.68,   15.22,   17.17,   18.50,   20.88
197602,   -0.61,    0.03,    2.28,    5.66,   10.47,   -0.65,   -0.49,   -1.03,    1.47,    2.51,    1.96,    4.76,    6.65,    7.80,   14.22
197603,    3.23,    1.62,    2.53,    2.17,    2.36,    3.24,    3.22,    1.75,    1.39,    2.72,    2.33,    1.82,    2.53,    3.44,    1.21
197604,   -0.42,   -1.64,   -1.68,   -2.83,   -3.12,   -0.50,   -0.22,   -1.91,   -1.05,   -0.76,   -2.75,   -3.89,   -1.61,   -2.58,   -3.63
197605,   -1.00,   -0.73,   -0.56,   -1.19,   -2.42,   -1.37,   -0.13,   -1.04,   -0.31,   -0.01,   -1.33,   -1.79,   -0.40,   -1.35,   -3.47
197606,    3.92,    4.98,    5.90,    6.09,    4.70,    3.63,    4.69,    4.78,    5.25,    6.55,    5.17,    6.29,    5.77,    5.23,    4.08
197607,   -0.52,    0.12,   -1.46,   -1.33,   -1.34,   -0.64,   -0.23,   -0.79,    1.44,   -1.36,   -1.61,   -1.41,   -1.23,   -1.23,   -1.44
197608,    0.61,   -0.52,   -0.67,   -2.10,   -3.77,    0.78,    0.16,   -0.82,   -0.08,   -0.63,   -0.72,   -1.71,   -2.62,   -3.70,   -3.86
197609,    2.69,    1.88,    2.80,    2.37,    2.67,    2.51,    3.03,    1.88,    1.88,    3.02,    2.55,    2.24,    2.59,    3.82,    1.20
197610,   -1.74,   -1.65,   -2.80,   -3.72,   -2.91,   -1.69,   -1.84,   -0.91,   -2.71,   -3.60,   -1.71,   -3.85,   -3.51,   -2.16,   -3.78
197611,    0.07,    0.24,    2.62,    3.69,    3.89,    0.13,   -0.08,   -0.61,    1.51,    2.69,    2.53,    3.01,    4.86,    4.94,    2.63
197612,    5.28,    5.55,    7.63,    9.33,   10.01,    5.25,    5.35,    5.52,    5.59,    7.38,    7.96,    8.97,    9.77,    8.07,   12.10
197701,   -4.29,   -3.29,   -4.25,   -1.59,    0.75,   -3.45,   -6.26,   -2.96,   -3.76,   -3.91,   -4.68,   -2.74,   -0.20,   -0.38,    2.09
197702,   -1.25,   -2.13,   -1.59,   -2.12,   -2.66,   -1.22,   -1.35,   -2.15,   -2.09,   -1.46,   -1.75,   -2.10,   -2.15,   -3.93,   -1.47
197703,   -1.56,   -0.38,    0.12,   -0.49,    0.08,   -1.49,   -1.73,   -0.42,   -0.33,    0.31,   -0.11,   -0.66,   -0.24,    0.41,   -0.17
197704,    0.18,    0.66,    1.36,    1.44,    0.74,    0.21,    0.13,    1.53,   -0.34,    1.03,    1.82,    1.15,    1.90,    1.24,    0.29
197705,   -0.84,   -1.07,   -2.42,   -1.07,   -0.55,   -0.42,   -1.74,   -0.78,   -1.43,   -3.13,   -1.37,   -1.27,   -0.87,   -0.40,   -0.70
197706,    4.16,    5.57,    6.06,    7.99,    7.96,    4.02,    4.46,    5.67,    5.43,    5.48,    7.28,    7.65,    8.39,    8.48,    7.39
197707,   -0.83,   -2.20,   -0.84,   -2.25,   -1.30,   -0.69,   -1.24,   -1.98,   -2.53,   -0.48,   -1.33,   -3.13,   -1.10,   -1.23,   -1.38
197708,   -1.99,   -0.49,   -0.21,   -0.79,   -0.89,   -1.85,   -2.29,   -0.30,   -0.72,   -0.51,    0.18,   -1.01,   -0.50,   -0.18,   -1.74
197709,    0.32,   -0.28,    0.02,    0.22,    0.21,    0.56,   -0.19,   -0.37,   -0.16,    0.39,   -0.38,    0.70,   -0.40,    0.09,    0.35
197710,   -3.65,   -4.22,   -4.10,   -4.25,   -4.12,   -3.43,   -4.16,   -4.54,   -3.65,   -3.55,   -4.77,   -3.81,   -4.81,   -3.87,   -4.46
197711,    3.11,    5.43,    6.10,    7.91,    8.66,    2.54,    4.11,    5.18,    5.70,    6.08,    6.12,    7.03,    9.06,   10.16,    6.82
197712,    0.49,    0.69,    1.98,    0.97,    1.02,    0.81,   -0.35,    1.38,   -0.26,    1.81,    2.20,   -0.28,    2.61,    1.60,    0.32
197801,   -5.47,   -6.93,   -4.93,   -4.55,   -2.07,   -5.30,   -5.88,   -6.98,   -6.87,   -4.99,   -4.83,   -4.41,   -4.70,   -3.04,   -0.96
197802,   -1.01,   -2.12,    0.13,    0.34,    1.16,   -0.58,   -1.91,   -2.64,   -1.19,    0.10,    0.18,    0.32,    0.36,    0.81,    1.53
197803,    1.99,    4.54,    5.43,    5.87,    7.05,    1.43,    2.89,    4.09,    5.07,    5.11,    5.83,    5.77,    5.97,    7.53,    6.55
197804,    7.82,    9.21,    9.75,    8.92,    7.74,    6.99,    9.28,    9.07,    9.39,    9.92,    9.53,    9.33,    8.39,    8.42,    6.98
197805,    0.52,    2.72,    3.81,    7.36,    7.95,   -0.07,    2.08,    2.16,    3.41,    3.54,    4.32,    6.96,    7.89,    7.33,    8.65
197806,   -1.42,   -0.52,   -2.15,    0.32,   -0.44,   -1.26,   -1.85,   -1.03,    0.18,   -2.24,   -2.01,    1.40,   -1.12,   -1.04,    0.30
197807,    4.59,    5.92,    7.99,    8.52,    5.62,    4.21,    5.34,    5.89,    5.96,    8.57,    7.04,    9.74,    7.29,    7.31,    3.90
197808,    2.98,    3.86,    6.46,    7.69,    8.07,    3.20,    2.54,    4.40,    2.98,    5.27,    8.00,    7.85,    7.54,    6.46,    9.64
197809,    0.01,   -1.70,   -1.15,   -1.03,   -2.55,    0.14,   -0.27,   -1.72,   -1.69,   -0.28,   -2.19,   -1.00,   -1.07,   -2.68,   -2.42
197810,   -7.23,  -11.02,  -14.81,  -18.93,  -26.03,   -6.39,   -8.89,  -10.90,  -11.14,  -13.43,  -16.39,  -16.46,  -21.92,  -24.33,  -27.46
197811,    2.34,    3.04,    4.70,    6.89,    8.68,    2.80,    1.35,    2.83,    3.43,    3.92,    5.91,    5.89,    8.01,    8.13,    9.11
197812,    1.73,    1.10,    2.54,    2.30,    0.84,    1.92,    1.45,    0.85,    1.51,    2.05,    3.09,    2.50,    1.99,    1.77,    0.00
197901,    3.83,    5.01,    6.50,    8.05,    9.67,    3.77,    3.96,    4.79,    5.39,    6.51,    6.48,    6.82,    9.61,   10.02,    9.38
197902,   -2.50,   -3.53,   -3.21,   -3.47,   -2.24,   -2.48,   -2.56,   -3.26,   -3.93,   -3.45,   -2.88,   -4.18,   -2.67,   -1.98,   -2.46
197903,    4.41,    7.32,    9.79,   11.41,   11.38,    3.97,    5.47,    6.80,    8.30,    9.12,   10.88,   11.46,   11.35,   12.33,   10.57
197904,    0.34,    0.64,    1.13,    1.48,    2.77,    0.08,    1.01,    0.86,    0.38,    1.33,    0.84,    1.99,    0.98,    2.03,    3.45
197905,   -1.22,   -1.50,   -2.01,   -0.92,   -2.01,   -1.27,   -1.10,   -1.59,   -1.42,   -2.50,   -1.25,   -0.58,   -1.29,   -1.36,   -2.65
197906,    3.15,    5.96,    7.12,    7.20,    6.01,    2.56,    4.80,    5.51,    6.45,    6.10,    8.74,    6.68,    7.81,    6.49,    5.55
197907,    0.85,    2.95,    2.54,    3.71,    0.03,    0.43,    1.80,    3.99,    1.88,    2.65,    2.39,    2.60,    4.92,    1.02,   -0.92
197908,    5.25,    7.35,    8.39,    8.33,    6.09,    4.62,    6.47,    6.34,    8.60,    8.50,    8.20,    8.24,    8.43,    7.60,    4.83
197909,   -0.59,    0.78,    1.70,   -0.47,   -0.29,   -1.71,    1.24,   -0.14,    1.92,    1.96,    1.35,   -0.76,   -0.16,    0.09,   -0.71
197910,   -6.22,   -7.41,   -7.83,   -8.80,  -11.06,   -5.73,   -7.27,   -7.54,   -7.23,   -8.79,   -6.79,  -10.01,   -7.62,   -9.96,  -12.19
197911,    4.36,    6.74,    8.98,   10.44,    8.23,    3.97,    5.26,    7.03,    6.26,    8.74,    9.23,   11.31,    9.49,    9.44,    7.02
197912,    0.32,    2.83,    5.88,    7.53,    7.59,   -0.45,    1.90,    1.85,    3.94,    6.05,    5.69,    6.28,    8.89,    7.47,    7.69
198001,    4.03,    6.70,   10.24,    9.55,    9.59,    3.64,    4.92,    6.71,    6.68,    9.61,   11.04,    9.31,    9.77,    8.70,   10.39
198002,   -1.37,   -1.62,    3.61,   -0.69,    0.38,   -0.39,   -2.47,   -0.13,   -3.47,    4.62,    2.42,   -0.87,   -0.50,   -0.22,    1.00
198003,   -6.76,   -9.71,  -14.03,  -18.26,  -23.24,   -5.84,   -7.96,   -8.01,  -11.89,  -13.62,  -14.57,  -17.98,  -18.62,  -21.47,  -25.51
198004,    5.00,    5.57,    4.59,    4.73,    6.89,    5.62,    4.10,    5.08,    6.23,    5.16,    3.53,    4.11,    5.49,    7.14,    6.56
198005,    5.37,    4.99,    7.51,    7.34,    7.13,    5.08,    5.90,    5.06,    4.93,    6.17,    8.95,    6.58,    8.38,    6.75,    7.61
198006,    3.24,    4.23,    1.97,    5.33,    5.35,    2.72,    4.42,    4.87,    3.51,    2.06,    1.85,    4.75,    5.91,    5.99,    4.64
198007,    5.45,    7.28,    8.53,   11.64,    7.96,    4.91,    6.54,    8.43,    6.36,    6.66,   11.00,   11.46,   11.81,    9.75,    5.77
198008,    1.37,    0.94,    4.01,    5.06,    6.82,    1.55,    1.03,   -0.06,    1.83,    4.22,    3.71,    4.78,    5.29,    6.88,    6.76
198009,    1.03,    4.20,    6.21,    2.85,    4.51,    0.19,    2.65,    2.79,    6.31,    7.52,    3.80,    2.92,    2.77,    4.87,    4.10
198010,    0.35,    2.12,    4.20,    3.17,    3.87,    0.64,   -0.12,    2.79,    0.99,    3.77,    4.68,    4.61,    1.59,    3.14,    4.71
198011,    7.49,   10.31,   15.08,   12.89,   13.16,    4.51,   11.54,   10.09,   10.50,   13.32,   17.44,   13.00,   12.79,   16.06,    9.88
198012,    0.83,   -2.82,   -6.10,   -7.43,   -6.53,    0.47,    1.51,   -2.89,   -2.74,   -6.25,   -5.92,   -6.21,   -8.81,   -4.82,   -8.06
198101,   -0.63,   -5.10,   -6.49,   -7.05,   -4.70,    0.15,   -2.32,   -5.63,   -4.55,   -7.31,   -5.03,   -6.85,   -7.29,   -3.80,   -5.59
198102,    2.21,    2.22,    0.95,    0.52,    0.50,    2.55,    1.69,    2.69,    1.88,    0.48,    1.48,    0.44,    0.60,    0.36,    0.63
198103,    2.74,    5.77,    6.71,    6.16,    6.09,    2.40,    3.46,    5.50,    6.01,    6.88,    6.48,    5.39,    7.21,    7.36,    5.03
198104,   -0.50,   -0.68,   -2.58,   -1.72,   -0.69,   -0.87,    0.30,   -0.25,   -1.10,   -1.80,   -3.36,   -1.34,   -2.00,    0.85,   -1.89
198105,    0.67,    1.18,    0.10,    4.45,    2.12,    1.00,    0.19,    1.13,    1.23,   -0.08,    0.34,    4.17,    4.71,    3.18,    1.10
198106,    0.58,   -1.61,    0.22,   -3.17,   -5.83,    0.44,    0.82,   -0.94,   -2.28,    1.31,   -1.14,   -2.34,   -3.95,   -6.13,   -5.59
198107,   -1.57,    0.17,   -0.21,    2.11,    1.08,   -1.16,   -2.31,   -0.53,    1.10,   -0.97,    0.69,    1.12,    2.93,    1.43,    0.73
198108,   -3.80,   -6.62,   -5.83,   -8.37,   -8.51,   -3.53,   -4.31,   -5.85,   -7.55,   -6.42,   -4.94,   -8.59,   -8.10,   -8.78,   -8.23
198109,   -2.97,   -4.96,   -6.72,   -8.94,  -13.94,   -1.76,   -4.82,   -4.70,   -5.21,   -5.94,   -7.96,   -7.15,  -10.58,  -13.24,  -14.43
198110,    3.78,    5.85,    7.02,   11.15,   10.40,    1.97,    7.22,    7.08,    4.48,    7.78,    6.27,   10.99,   11.36,   11.12,    9.71
198111,    4.86,    4.42,    4.53,    4.56,    2.68,    5.45,    3.45,    4.53,    4.28,    5.64,    2.86,    2.75,    7.07,    2.72,    2.64
198112,   -1.73,   -3.09,   -2.92,   -2.99,   -5.59,   -1.54,   -2.14,   -3.41,   -2.68,   -2.66,   -3.25,   -2.53,   -3.69,   -4.16,   -7.17
198201,   -0.16,   -3.05,   -3.83,   -4.82,   -6.98,    0.76,   -1.96,   -3.42,   -2.65,   -3.46,   -4.25,   -4.47,   -5.31,   -6.15,   -7.89
198202,   -3.14,   -4.37,   -6.91,   -8.50,   -7.72,   -2.29,   -4.26,   -4.38,   -4.35,   -5.77,   -8.40,   -6.98,   -9.96,   -7.17,   -8.22
198203,   -0.06,   -0.49,   -1.66,   -2.67,   -3.19,    0.54,   -1.09,    0.08,   -1.27,   -1.28,   -2.02,   -2.24,   -3.14,   -2.50,   -3.77
198204,    3.05,    4.88,    5.80,    6.27,    5.39,    2.68,    3.97,    4.51,    5.48,    5.51,    6.10,    6.46,    6.02,    6.80,    3.37
198205,   -1.75,   -2.91,   -4.45,   -3.49,   -4.82,   -1.68,   -1.89,   -2.94,   -2.87,   -5.53,   -3.47,   -3.64,   -3.28,   -4.23,   -5.68
198206,   -0.89,   -2.82,   -2.55,   -2.59,   -5.19,   -0.77,   -1.19,   -3.20,   -2.44,   -2.26,   -2.87,   -2.53,   -2.66,   -2.96,   -7.95
198207,   -0.53,   -3.14,   -3.50,   -3.50,   -5.13,    0.22,   -2.03,   -2.46,   -3.80,   -2.48,   -4.70,   -3.41,   -3.60,   -6.05,   -4.11
198208,   11.63,   12.32,   12.30,   13.39,    9.77,   11.20,   12.47,   12.66,   11.99,   12.04,   12.59,   13.31,   13.52,   11.82,    7.18
198209,    1.51,    2.80,    1.79,    1.54,    1.30,    1.51,    1.52,    2.68,    2.96,    1.69,    1.91,    1.52,    1.57,    2.37,   -0.35
198210,    9.10,   12.03,   13.68,   17.36,   15.35,    8.92,    9.43,   12.64,   11.54,   13.50,   13.92,   17.73,   16.87,   18.79,   12.08
198211,    4.70,    4.19,    6.83,    7.27,    6.22,    4.17,    5.88,    2.83,    6.28,    6.85,    6.81,    9.13,    5.54,    7.84,    4.44
198212,    1.64,    0.86,    0.37,    1.66,    1.34,    2.92,    0.05,    0.69,    1.14,    0.20,    0.55,    1.42,    1.93,    0.65,    1.95
198301,    3.86,    3.09,    3.42,    6.78,    8.26,    5.28,    1.96,    2.53,    3.54,    3.20,    3.66,    5.68,    8.33,    8.25,    8.27
198302,    2.72,    4.12,    3.90,    3.26,    1.72,    1.89,    4.31,    4.57,    3.49,    5.32,    2.67,    3.64,    2.78,    4.46,   -0.72
198303,    2.16,    5.05,    4.63,    3.70,    1.94,    2.13,    2.20,    5.48,    4.47,    3.91,    5.29,    4.25,    2.96,    2.14,    1.73
198304,    7.62,    6.38,    7.21,    7.12,    9.15,    7.84,    7.32,    5.89,    6.98,    6.77,    7.58,    7.97,    5.75,    9.13,    9.17
198305,   -1.76,    1.70,    1.13,    5.27,    8.44,   -1.94,   -1.50,    2.39,    1.13,    0.07,    2.87,    3.92,    6.83,    6.86,   10.33
198306,    2.63,    3.26,    4.45,    6.11,    5.71,    1.70,    3.96,    1.43,    4.75,    4.18,    4.78,    6.74,    5.20,    7.39,    3.89
198307,   -1.47,   -3.26,   -4.02,   -5.17,   -6.91,   -0.43,   -2.88,   -2.95,   -3.58,   -2.66,   -5.50,   -4.84,   -5.54,   -7.02,   -6.80
198308,    1.49,    0.37,    0.75,   -1.99,   -2.64,    2.43,    0.17,    0.65,    0.00,   -0.33,    2.25,   -2.23,   -1.76,   -1.25,   -4.03
198309,    3.18,    1.44,    0.32,    1.30,   -0.82,    3.45,    2.80,    1.05,    2.11,    1.76,   -1.09,    1.15,    1.47,    0.87,   -2.30
198310,    0.43,   -2.26,   -4.11,   -5.35,  -10.45,    0.74,   -0.03,   -0.31,   -4.13,   -4.40,   -3.63,   -5.28,   -5.44,   -9.69,  -11.20
198311,    0.86,    3.10,    4.34,    5.18,    5.31,   -0.56,    2.97,    3.25,    2.86,    2.27,    6.71,    5.26,    5.11,    6.48,    4.31
198312,   -0.93,   -0.24,   -1.10,   -0.91,   -3.29,   -0.40,   -1.83,   -1.62,    1.23,   -0.25,   -2.20,   -1.71,   -0.13,   -2.64,   -3.89
198401,   -0.55,   -0.94,   -0.82,   -3.41,   -1.81,   -0.37,   -0.94,   -1.34,   -0.50,    0.85,   -3.16,   -2.96,   -3.83,   -3.79,    0.00
198402,   -3.84,   -3.38,   -3.67,   -5.63,   -5.41,   -3.34,   -5.35,   -2.72,   -4.41,   -2.94,   -4.68,   -6.66,   -4.52,   -5.83,   -5.06
198403,    1.38,    1.94,    1.61,    1.91,   -0.44,    0.97,    2.31,    0.79,    3.59,    0.81,    2.50,    1.67,    2.15,    0.74,   -1.38
198404,    1.09,    0.55,   -0.20,   -0.57,   -1.03,    1.54,    0.40,    0.59,    0.50,   -0.96,    0.56,    0.02,   -1.14,   -1.41,   -0.71
198405,   -3.58,   -6.02,   -6.27,   -5.96,   -7.04,   -3.53,   -3.66,   -7.07,   -5.02,   -5.47,   -7.28,   -5.51,   -6.41,   -7.60,   -6.60
198406,    2.29,    2.41,    2.50,    4.87,    1.81,    1.93,    2.98,    2.27,    2.57,    2.44,    2.57,    5.06,    4.63,    1.75,    1.87
198407,   -0.05,   -1.84,   -3.50,   -3.68,   -5.79,    0.40,   -0.96,   -1.67,   -2.05,   -2.13,   -4.92,   -3.72,   -3.63,   -4.35,   -7.26
198408,    8.98,   11.43,   12.96,   14.67,   12.69,    8.29,   10.41,   11.67,   11.17,   12.57,   13.57,   15.55,   13.78,   14.62,   10.50
198409,    1.44,   -0.81,    0.24,   -1.72,   -1.92,    1.77,    0.74,   -0.93,   -0.67,    0.09,    0.45,   -0.55,   -3.18,   -1.25,   -2.60
198410,    1.32,    0.16,    0.22,   -1.79,   -2.99,    1.43,    1.11,    0.03,    0.27,    0.48,   -0.08,   -1.28,   -2.35,   -1.80,   -4.42
198411,   -0.31,   -0.52,   -1.08,   -2.08,   -4.68,   -0.28,   -0.37,   -0.97,   -0.10,   -0.69,   -1.42,   -2.38,   -1.77,   -4.27,   -5.10
198412,    2.28,    3.19,    2.78,    2.18,    1.64,    2.14,    2.51,    3.54,    2.83,    2.59,    3.11,    2.59,    1.73,    3.61,   -0.34
198501,    6.78,    7.60,   10.90,   10.58,   13.57,    6.02,    8.50,    7.24,    8.02,    9.94,   11.98,    9.29,   12.31,   13.15,   14.11
198502,    1.57,    2.33,    1.76,    1.60,    1.69,    1.61,    1.49,    2.98,    1.43,    1.71,    1.82,    0.77,    2.54,    0.78,    2.66
198503,    0.67,    0.45,   -0.66,   -2.10,   -3.19,    0.39,    1.19,    1.38,   -0.83,   -1.13,   -0.22,   -2.19,   -2.02,   -0.43,   -6.55
198504,    0.67,    0.69,   -1.04,   -1.77,   -3.93,    0.78,    0.53,    1.28,   -0.10,   -1.53,   -0.40,   -2.72,   -0.80,   -3.58,   -4.38
198505,    5.78,    7.29,    6.20,    4.99,    2.33,    5.32,    6.48,    6.54,    8.15,    6.23,    6.16,    5.64,    4.18,    3.44,    0.94
198506,    1.92,    2.18,    2.13,    1.56,    0.54,    2.10,    1.62,    2.85,    1.10,    2.38,    1.87,    2.44,    0.68,    0.93,    0.07
198507,   -0.52,   -0.97,    0.52,    1.10,    1.36,   -0.30,   -0.77,   -1.67,   -0.06,    0.20,    0.88,    0.83,    1.40,    1.59,    1.06
198508,   -0.01,   -0.50,   -0.38,   -0.68,   -2.43,   -0.30,    0.34,   -0.88,   -0.15,   -1.12,    0.48,   -0.52,   -0.84,   -2.56,   -2.30
198509,   -3.03,   -4.02,   -4.23,   -3.87,   -8.00,   -3.32,   -2.56,   -3.60,   -4.64,   -3.67,   -4.94,   -3.96,   -3.78,   -7.44,   -8.62
198510,    4.71,    4.89,    4.91,    4.91,    3.06,    4.50,    5.14,    5.01,    4.75,    4.60,    5.26,    5.22,    4.52,    3.81,    2.07
198511,    6.61,    8.77,    7.00,    7.32,    5.18,    7.51,    4.97,    9.22,    8.19,    6.76,    7.27,    7.32,    7.33,    5.88,    4.24
198512,    5.39,    4.33,    4.05,    3.69,    3.19,    6.36,    3.77,    3.21,    5.43,    4.07,    4.03,    2.45,    4.99,    2.66,    3.93
198601,    0.78,    1.65,    2.06,    0.31,    1.32,    1.47,   -0.13,    1.75,    1.50,    1.45,    2.71,    0.46,    0.16,    0.90,    1.87
198602,    7.87,    8.41,    7.29,    7.11,    5.82,    7.26,    8.83,    7.73,    9.26,    7.67,    6.83,    5.48,    8.84,    6.43,    5.01
198603,    5.34,    6.21,    5.78,    4.97,    3.91,    4.69,    6.27,    6.15,    6.30,    5.35,    6.21,    5.74,    4.11,    4.12,    3.65
198604,   -1.08,   -1.22,    0.33,   -1.63,    0.84,   -0.70,   -1.50,   -0.19,   -2.39,   -0.23,    0.80,   -1.48,   -1.79,    1.31,    0.04
198605,    4.42,    6.06,    5.99,    5.26,    3.56,    3.32,    5.83,    5.87,    6.34,    5.65,    6.30,    5.22,    5.32,    3.17,    4.06
198606,    2.37,    1.70,    1.10,    0.96,   -0.73,    3.01,    1.48,    1.60,    1.84,    0.83,    1.44,   -0.19,    2.28,   -0.67,   -0.81
198607,   -3.14,   -6.56,   -6.80,   -9.20,  -10.76,   -2.47,   -4.07,   -6.96,   -6.10,   -7.55,   -5.89,   -8.65,   -9.88,   -9.63,  -12.00
198608,    7.28,    6.86,    6.16,    5.93,    3.49,    7.82,    6.25,    6.97,    6.71,    6.03,    6.35,    5.48,    6.57,    5.00,    1.27
198609,   -8.58,   -8.89,   -7.57,   -7.15,   -5.96,   -8.18,   -9.35,   -9.14,   -8.63,   -8.57,   -6.05,   -6.96,   -7.37,   -5.08,   -7.01
198610,    4.43,    6.35,    6.00,    5.38,    3.60,    3.21,    6.40,    7.12,    5.60,    5.59,    6.51,    6.96,    3.75,    5.97,    0.43
198611,    2.69,    1.52,    0.63,    0.50,   -1.67,    2.92,    2.42,    0.86,    2.15,    0.77,    0.48,    1.13,   -0.32,    0.13,   -3.87
198612,   -2.47,   -2.38,   -2.63,   -3.51,   -4.74,   -1.58,   -3.35,   -2.06,   -2.76,   -2.06,   -3.25,   -3.35,   -3.66,   -4.52,   -5.03
198701,   13.03,   11.98,   13.04,   15.21,   12.01,   12.55,   13.76,   11.43,   12.91,   13.59,   12.43,   15.85,   14.45,   13.03,   10.35
198702,    2.82,    4.74,    6.90,    8.53,    7.22,    2.33,    3.72,    3.72,    6.57,    7.14,    6.64,    7.70,    9.29,    8.02,    6.32
198703,    1.77,    2.43,    2.87,    1.50,    2.38,    0.36,    3.08,    0.87,    4.48,    3.75,    2.10,    1.43,    1.61,    2.91,    1.64
198704,   -1.70,   -1.23,   -2.63,   -1.78,   -1.48,   -3.11,   -0.37,   -0.52,   -2.27,   -3.08,   -2.13,   -1.30,   -2.44,   -0.68,   -2.33
198705,    0.46,    0.07,    1.34,    0.32,    0.55,    0.10,    0.85,   -0.26,    0.41,    2.52,   -0.20,   -0.71,    1.36,    1.60,   -0.53
198706,    5.24,    6.57,    3.87,    2.57,   -0.40,    5.35,    5.12,    6.76,    6.28,    4.62,    2.67,    2.59,    2.54,    0.52,   -1.57
198707,    3.00,    5.22,    5.57,    5.68,    4.23,    1.29,    4.79,    5.77,    4.57,    5.24,    6.00,    5.90,    5.40,    3.78,    4.88
198708,    4.98,    3.99,    3.34,    2.68,    2.20,    4.73,    5.28,    3.97,    4.02,    3.34,    3.35,    3.19,    2.19,    3.44,    0.77
198709,   -2.46,   -3.03,   -1.24,   -1.02,   -1.17,   -2.60,   -2.27,   -3.51,   -2.44,   -1.55,   -0.84,   -0.29,   -1.72,   -0.76,   -1.74
198710,  -17.88,  -22.34,  -25.78,  -30.07,  -30.83,  -14.34,  -20.89,  -20.34,  -24.54,  -24.85,  -26.95,  -29.83,  -30.29,  -31.47,  -30.10
198711,   -7.27,   -7.90,   -7.67,   -6.37,   -7.34,   -6.47,   -8.29,   -7.54,   -8.33,   -7.68,   -7.66,   -6.56,   -6.17,   -8.41,   -6.13
198712,    4.58,    9.00,   10.21,   10.96,    5.51,    3.25,    6.39,    8.15,    9.95,    9.85,   10.65,   10.41,   11.76,    6.98,    3.89
198801,    5.17,    4.97,    4.36,    2.40,    1.60,    6.10,    3.51,    4.81,    5.22,    5.40,    2.91,    1.38,    3.75,    0.47,    2.92
198802,    2.76,    5.78,    7.73,   10.19,    8.21,    1.99,    4.03,    6.14,    5.38,    7.14,    8.37,   10.10,   10.29,    8.53,    7.82
198803,   -3.55,   -2.62,   -0.60,    2.52,    3.95,   -4.50,   -1.93,   -3.42,   -1.36,   -1.40,    0.49,    1.91,    3.22,    4.29,    3.59
198804,    1.03,    0.91,    1.00,    1.82,    0.51,    1.78,    0.22,    0.18,    1.76,    0.82,    1.19,    2.04,    1.60,    0.18,    0.88
198805,    1.50,    0.00,   -0.81,   -1.22,   -3.08,    1.51,    1.49,    1.10,   -1.36,   -0.61,   -1.05,   -1.16,   -1.30,   -2.93,   -3.29
198806,    4.17,    5.85,    6.72,    6.58,    5.98,    3.70,    4.78,    5.38,    6.45,    6.76,    6.69,    5.51,    8.14,    6.47,    5.25
198807,    0.08,   -0.94,   -1.71,   -2.51,   -1.16,   -0.27,    0.53,   -1.38,   -0.40,   -2.41,   -0.79,   -2.67,   -2.23,   -1.68,   -0.29
198808,   -2.48,   -2.39,   -3.69,   -3.28,   -2.51,   -2.74,   -2.02,   -2.38,   -2.42,   -3.37,   -4.08,   -2.51,   -4.50,   -2.17,   -3.19
198809,    4.15,    4.45,    3.80,    3.34,    1.88,    4.17,    4.11,    4.47,    4.44,    3.90,    3.68,    4.08,    2.64,    2.76,    0.23
198810,    3.55,    1.12,   -0.25,    0.83,   -1.65,    2.93,    4.56,    1.14,    1.11,   -0.43,    0.01,    1.95,   -0.37,   -0.94,   -2.93
198811,   -1.02,   -1.67,   -2.41,   -2.58,   -2.81,   -1.19,   -0.75,   -1.05,   -2.50,   -2.90,   -1.90,   -1.89,   -3.34,   -4.53,   -0.72
198812,    1.44,    1.84,    3.14,    3.26,    3.59,    1.77,    1.08,    1.08,    2.85,    2.56,    3.92,    3.09,    3.41,    5.17,    1.45
198901,    6.43,    7.15,    7.18,    6.17,    5.24,    5.90,    7.04,    6.96,    7.39,    6.83,    7.66,    5.96,    6.39,    4.93,    5.65
198902,   -2.74,   -1.69,   -0.84,    1.24,    0.30,   -2.82,   -2.59,   -1.62,   -1.80,   -1.06,   -0.58,    1.01,    1.52,    0.36,    0.20
198903,    2.31,    3.12,    1.90,    1.43,    0.86,    1.62,    3.39,    4.35,    1.62,    1.53,    2.37,    0.81,    2.12,    0.62,    1.17
198904,    4.70,    6.49,    4.63,    5.00,    3.32,    4.27,    5.38,    6.56,    6.39,    4.86,    4.37,    4.80,    5.26,    5.21,    0.82
198905,    3.93,    4.87,    3.42,    5.01,    3.48,    4.08,    3.80,    4.51,    5.40,    2.86,    4.25,    5.38,    4.44,    4.52,    1.62
198906,    0.11,   -0.59,   -1.30,   -1.70,   -1.85,    0.73,   -0.36,   -0.93,   -0.14,   -0.42,   -2.55,   -1.66,   -1.77,   -1.75,   -2.06
198907,    8.44,    9.56,    7.65,    5.89,    2.56,    6.16,   10.87,    9.81,    9.22,    8.27,    6.97,    6.90,    5.06,    4.29,   -0.31
198908,    1.20,    2.58,    3.33,    3.21,    1.66,    0.51,    1.87,    2.44,    2.76,    3.60,    2.97,    3.01,    3.39,    2.72,    0.27
198909,    0.29,   -0.13,   -0.82,   -0.70,    0.42,   -0.75,    1.24,   -0.01,   -0.26,   -1.68,    0.55,   -0.49,   -0.91,    0.35,    0.53
198910,   -0.97,   -2.27,   -4.93,   -5.98,   -7.71,   -0.62,   -1.18,   -2.12,   -2.51,   -5.16,   -4.60,   -5.04,   -7.08,   -6.59,   -9.58
198911,    2.95,    1.39,    1.59,    0.70,   -0.96,    3.46,    2.47,    1.76,    0.75,    1.45,    1.73,    1.05,    0.14,   -0.76,   -1.31
198912,    3.45,    1.44,    0.06,    1.04,   -1.08,    4.63,    2.62,    1.71,    0.81,    0.36,   -0.27,    1.01,    1.08,   -0.98,   -1.22
199001,   -6.18,   -7.70,   -7.77,   -7.60,  -11.41,   -4.74,   -7.47,   -7.87,   -7.44,   -7.77,   -7.78,   -9.02,   -5.61,  -11.82,  -10.51
199002,    0.86,    1.49,    2.58,    3.51,    2.64,    0.51,    1.11,    1.84,    1.10,    2.80,    2.31,    3.19,    3.96,    2.69,    2.50
199003,    2.33,    2.63,    1.92,    3.25,    2.74,    2.14,    2.50,    3.25,    1.75,    2.83,    1.16,    2.91,    3.54,    3.28,    1.54
199004,   -1.66,   -2.88,   -3.55,   -4.66,   -3.61,   -1.30,   -1.98,   -3.23,   -2.26,   -3.41,   -3.68,   -5.17,   -4.15,   -3.09,   -4.60
199005,    8.85,    8.50,   10.44,    9.93,    8.74,    7.88,    9.89,    8.13,    9.17,   11.16,    9.64,    9.67,   10.37,   10.04,    5.99
199006,   -0.05,   -0.83,   -0.83,   -1.50,   -0.34,   -0.23,    0.18,    0.24,   -2.17,   -1.41,   -0.18,   -1.78,   -1.19,   -0.78,    0.49
199007,    1.09,   -1.40,   -3.38,   -4.74,   -6.21,    1.73,   -0.03,   -1.81,   -0.88,   -2.67,   -4.17,   -4.36,   -5.21,   -6.47,   -5.70
199008,   -8.03,   -9.40,  -10.06,  -12.23,  -14.16,   -8.58,   -7.46,   -9.60,   -9.16,   -9.96,  -10.20,  -12.28,  -12.19,  -13.68,  -15.10
199009,   -3.32,   -5.39,   -6.49,   -9.02,  -11.00,   -2.89,   -3.90,   -4.66,   -6.24,   -5.07,   -8.27,   -7.97,  -10.63,   -9.76,  -13.95
199010,    1.85,   -1.01,   -3.28,   -7.04,   -6.77,    3.54,   -0.09,    0.19,   -2.37,   -3.74,   -2.92,   -6.03,   -8.44,   -5.80,   -8.62
199011,    5.41,    6.27,    9.99,   10.01,    8.32,    5.59,    5.16,    5.79,    7.14,    9.50,   10.66,    9.00,   11.52,    8.92,    7.12
199012,    2.16,    2.75,    5.03,    6.67,    0.76,    2.37,    1.90,    2.55,    3.07,    5.08,    4.97,    7.42,    5.59,    2.58,   -3.24
199101,    1.29,    7.37,    8.56,   10.75,   10.65,    0.84,    1.92,    7.32,    7.46,    6.62,   10.87,   10.45,   11.22,   11.61,    8.19
199102,    6.91,    6.90,    7.71,   11.40,   14.67,    7.10,    6.70,    6.55,    7.55,    6.43,    9.23,   11.15,   11.79,   13.79,   16.80
199103,    2.74,    2.19,    3.83,    4.22,    8.05,    2.01,    3.38,    2.37,    1.98,    4.44,    3.23,    3.85,    4.76,    8.20,    7.65
199104,    0.72,   -0.32,    0.26,    0.07,   -0.08,    0.32,    1.03,   -0.63,    0.19,    0.30,    0.21,   -0.33,    0.68,    0.17,   -0.78
199105,    2.37,    4.80,    7.78,    4.63,    3.31,    2.19,    2.57,    4.46,    5.30,    8.94,    6.25,    4.80,    4.37,    4.85,   -0.59
199106,   -2.80,   -5.16,   -6.00,   -6.66,   -6.95,   -2.56,   -2.99,   -4.35,   -5.90,   -6.25,   -5.75,   -6.07,   -7.50,   -7.01,   -6.79
199107,    4.67,    4.05,    4.45,    5.94,    5.52,    4.40,    5.00,    5.22,    2.32,    3.80,    5.16,    6.39,    5.12,    6.23,    3.85
199108,    2.53,    2.38,    2.39,    4.16,    4.67,    2.68,    2.33,    2.82,    1.74,    2.68,    2.05,    3.12,    5.26,    4.57,    4.91
199109,   -0.30,   -2.28,   -1.99,   -1.62,   -0.34,    0.39,   -1.22,   -1.24,   -3.58,   -1.89,   -2.09,   -2.43,   -0.74,    0.14,   -1.48
199110,    2.08,    1.09,    1.43,    0.43,    3.69,    2.49,    1.53,    0.66,    1.65,    2.36,    0.55,    0.23,    0.78,    3.81,    3.38
199111,   -2.87,   -3.36,   -5.76,   -5.04,   -5.41,   -2.41,   -3.47,   -2.61,   -4.70,   -5.43,   -6.14,   -4.55,   -5.74,   -4.25,   -7.81
199112,   10.32,   12.41,   11.97,   12.16,    9.93,    8.74,   11.75,   13.01,   11.63,   13.32,   10.40,   12.06,   12.29,   11.19,    7.49
199201,   -3.51,    0.01,    1.78,    5.57,   11.28,   -3.68,   -3.39,   -0.94,    0.99,    1.69,    1.88,    4.23,    7.28,    9.19,   15.36
199202,   -0.46,    3.02,    2.38,    2.93,    3.10,   -0.77,   -0.20,    2.24,    4.20,    1.11,    3.85,    3.58,    1.98,    3.95,    1.20
199203,   -1.66,   -1.63,   -2.58,   -4.12,   -5.60,   -1.42,   -1.87,   -1.61,   -1.67,   -1.75,   -3.66,   -3.98,   -4.32,   -5.88,   -5.08
199204,    3.10,    2.69,   -0.08,   -1.96,   -6.53,    3.74,    2.40,    3.17,    2.05,    0.29,   -0.54,   -2.25,   -1.63,   -5.04,   -8.74
199205,    0.87,    0.29,    1.30,   -0.32,   -0.79,    1.16,    0.53,    1.04,   -0.73,    0.89,    2.08,   -0.38,   -0.26,   -0.61,   -1.05
199206,   -0.73,   -2.11,   -2.57,   -3.20,   -6.26,   -0.17,   -1.27,   -1.85,   -2.42,   -1.91,   -3.47,   -4.41,   -1.79,   -5.96,   -6.73
199207,    4.66,    3.60,    3.28,    4.33,    3.95,    4.34,    4.91,    4.35,    2.84,    3.85,    2.68,    4.80,    3.87,    4.93,    2.66
199208,   -0.90,   -2.08,   -3.65,   -2.99,   -3.95,   -0.59,   -1.14,   -1.58,   -3.22,   -4.50,   -2.55,   -2.36,   -3.88,   -2.58,   -5.84
199209,    1.27,    1.19,    2.25,    1.24,    1.71,    2.17,    0.59,    0.15,    2.84,    2.58,    1.86,    1.46,    0.93,    1.77,    1.62
199210,    0.07,    1.06,    1.94,    4.08,    4.80,   -1.21,    1.25,    0.00,    2.36,    2.03,    1.83,    4.00,    4.17,    5.61,    3.51
199211,    2.22,    4.21,    6.24,    6.80,    9.68,    2.22,    2.23,    3.62,    5.01,    5.67,    7.06,    6.33,    7.35,   10.80,    7.96
199212,    1.85,    2.26,    0.02,    2.62,    2.96,    2.82,    0.85,    2.26,    2.27,   -2.05,    3.07,    2.94,    2.21,    3.64,    1.96
199301,    0.05,   -0.22,    3.91,    4.28,    2.93,    1.38,   -1.11,   -0.42,    0.00,    2.57,    5.13,    6.02,    2.75,    2.24,    4.09
199302,    2.58,    0.56,   -1.37,   -1.62,   -4.54,    3.84,    1.76,    0.12,    1.25,   -0.50,   -2.47,   -1.87,   -1.40,   -4.30,   -4.90
199303,    2.19,    2.59,    2.94,    3.21,    2.37,    2.12,    2.23,    2.00,    3.25,    2.49,    3.55,    1.82,    4.20,    2.40,    2.31
199304,   -1.92,   -4.20,   -2.88,   -2.07,   -3.10,   -1.17,   -2.28,   -4.69,   -3.69,   -2.94,   -2.82,   -0.56,   -4.02,   -3.56,   -2.50
199305,    1.54,    1.82,    3.86,    5.65,    7.04,    0.13,    2.66,    1.97,    1.67,    4.16,    3.53,    4.72,    7.24,    7.53,    6.15
199306,    1.74,    0.21,    0.02,   -1.10,    0.42,    2.53,    1.22,    0.70,   -0.26,    1.14,   -1.12,   -1.63,   -0.40,    0.62,    0.02
199307,    0.81,   -0.72,   -0.67,   -0.66,   -0.24,    1.56,    0.39,    0.13,   -1.38,   -1.59,    0.57,   -0.65,   -0.68,   -0.43,    0.05
199308,    2.72,    3.97,    5.79,    4.15,    4.78,    3.25,    2.25,    4.40,    3.47,    4.48,    7.58,    4.27,    4.02,    5.78,    3.65
199309,   -0.66,    0.13,    0.05,    0.72,    2.96,   -0.26,   -0.93,    0.00,    0.28,    0.26,   -0.22,   -0.47,    1.98,    3.75,    1.82
199310,   -0.32,    1.81,    2.85,    3.07,    3.81,   -0.79,    0.03,    2.36,    0.96,    4.47,    1.05,    2.62,    3.47,    3.43,    4.30
199311,   -2.84,   -0.67,    0.02,   -2.52,   -2.76,   -2.84,   -2.84,   -1.26,    0.14,   -0.34,    0.53,   -2.63,   -2.39,   -1.88,   -3.94
199312,    1.95,    1.39,    1.34,    3.34,    2.19,    3.20,    0.85,    0.61,    2.53,    0.57,    2.50,    2.50,    4.27,    3.48,    0.54
199401,    1.96,    3.70,    3.80,    2.77,    4.53,    1.98,    1.95,    3.14,    4.31,    4.15,    3.37,    2.87,    2.65,    4.66,    4.36
199402,   -3.04,   -2.77,   -2.63,    0.09,   -0.80,   -3.31,   -2.65,   -3.90,   -1.35,   -2.06,   -3.21,    0.20,   -0.03,   -1.12,   -0.37
199403,   -3.67,   -4.69,   -4.08,   -5.65,   -6.42,   -3.67,   -3.68,   -4.58,   -4.82,   -2.91,   -5.67,   -4.57,   -7.02,   -4.77,   -8.17
199404,    2.07,    1.26,   -0.31,    1.11,   -2.31,    1.86,    2.44,    1.69,    0.64,   -1.48,    1.24,    2.59,   -0.49,   -1.69,   -2.88
199405,    0.99,    1.94,    1.05,    0.17,   -1.56,    0.88,    1.12,    2.87,    0.92,    0.38,    2.04,   -0.64,    1.14,   -1.28,   -1.81
199406,   -2.39,   -2.23,   -2.51,   -2.42,   -5.84,   -2.81,   -1.45,   -2.85,   -1.44,   -2.63,   -2.34,   -3.41,   -1.47,   -4.98,   -6.60
199407,    3.32,    3.08,    3.01,    3.54,    2.19,    3.04,    3.61,    2.87,    3.35,    1.43,    4.49,    2.91,    4.14,    2.94,    1.37
199408,    3.10,    3.83,    3.80,    7.04,    7.86,    3.45,    2.69,    2.70,    5.14,    3.09,    4.47,    6.83,    7.37,    7.66,    8.05
199409,   -2.79,   -2.14,   -2.09,   -1.24,    0.31,   -2.87,   -2.71,   -1.18,   -3.50,   -2.99,   -1.22,   -1.38,   -1.10,   -0.05,    0.72
199410,    2.08,    0.55,    2.42,    1.71,    2.45,    2.47,    1.59,    0.44,    0.68,    1.75,    3.09,    1.63,    1.81,    3.16,    1.65
199411,   -3.17,   -3.28,   -4.94,   -5.00,   -3.29,   -3.39,   -2.91,   -3.97,   -2.32,   -5.03,   -4.81,   -4.45,   -5.58,   -2.88,   -3.80
199412,    1.72,    1.22,    1.99,    0.27,    0.01,    0.91,    2.76,    2.05,    0.25,    0.77,    3.59,    1.09,   -0.60,    1.21,   -1.32
199501,    4.08,    2.06,    0.40,    0.11,    0.34,    4.37,    3.74,    1.94,    2.25,    1.20,   -0.39,    1.46,   -1.17,    0.48,    0.18
199502,    2.97,    4.59,    5.84,    4.47,    3.58,    2.56,    3.34,    4.47,    4.80,    5.64,    6.11,    5.16,    3.85,    3.96,    3.19
199503,    1.75,    3.09,    3.57,    2.97,    3.13,    1.76,    1.75,    3.27,    2.84,    3.79,    3.31,    3.17,    2.74,    3.82,    2.44
199504,    3.01,    2.52,    2.67,    1.35,    2.00,    2.54,    3.37,    1.96,    3.09,    3.11,    2.17,    1.58,    1.06,    1.93,    2.06
199505,    3.85,    3.76,    3.67,    2.64,    1.76,    3.81,    3.88,    4.38,    2.91,    4.64,    2.38,    3.77,    1.21,    3.25,    0.56
199506,    0.97,    2.25,    3.70,    6.13,    8.81,   -0.04,    1.70,    2.19,    2.33,    4.77,    1.73,    5.21,    7.11,    8.87,    8.76
199507,    1.84,    4.11,    4.84,    5.30,    8.52,    1.85,    1.83,    4.85,    3.40,    4.22,    6.10,    4.60,    6.09,    8.61,    8.43
199508,    1.84,    0.15,    0.97,    0.65,    1.39,    1.73,    1.92,    0.48,   -0.15,    0.51,    1.54,    1.14,    0.28,    0.95,    1.82
199509,    6.28,    3.74,    1.83,    1.25,    2.50,    4.97,    7.48,    5.65,    1.60,    1.82,    1.85,    0.98,    1.49,    3.51,    1.43
199510,    0.99,   -2.01,   -1.79,    0.13,   -4.36,    1.17,    0.87,   -1.06,   -3.25,   -1.07,   -2.63,    0.20,    0.05,   -2.62,   -6.07
199511,    4.95,    5.68,    4.29,    1.65,    3.05,    3.60,    5.78,    5.33,    6.22,    5.24,    3.37,    0.50,    3.61,    4.87,    1.41
199512,    3.86,    1.95,    1.13,    0.22,   -2.80,    3.83,    3.87,    2.87,    0.55,    1.00,    1.31,    0.06,    0.37,   -3.61,   -2.14
199601,    2.51,    3.87,    3.08,    1.79,    0.37,    2.88,    2.35,    3.73,    4.05,    2.88,    3.42,    2.99,    0.49,    1.45,   -0.52
199602,    0.45,    0.91,    2.18,    4.20,    3.48,   -0.37,    0.86,    1.45,    0.22,    0.82,    3.85,    1.99,    6.16,    3.94,    3.17
199603,    0.91,    1.47,    1.72,    1.15,    0.28,    0.68,    1.06,    2.00,    0.96,    1.81,    1.58,    2.27,   -0.40,    0.64,    0.00
199604,   -0.81,    0.71,    1.93,    5.11,   10.30,   -1.49,   -0.02,    0.08,    1.56,    2.37,    1.38,    5.49,    4.55,    7.88,   12.45
199605,    3.10,    1.62,    2.90,    2.37,    4.71,    4.21,    2.20,    1.28,    2.05,    3.11,    2.67,    2.49,    2.19,    4.68,    4.73
199606,    2.10,    0.15,   -0.36,   -2.50,   -7.24,    2.92,    1.14,    0.49,   -0.26,    0.71,   -1.42,   -2.29,   -2.74,   -5.55,   -8.54
199607,   -3.77,   -4.03,   -4.50,   -7.72,  -12.91,   -2.34,   -4.67,   -4.30,   -3.75,   -3.82,   -5.69,   -7.92,   -7.43,  -10.25,  -14.85
199608,    2.88,    1.49,    3.17,    5.18,    5.66,    1.85,    3.94,    0.11,    3.34,    3.48,    2.72,    4.41,    6.22,    4.82,    6.39
199609,    4.98,    5.54,    4.66,    5.37,    7.10,    4.74,    5.26,    5.01,    6.11,    4.19,    5.36,    5.51,    5.24,    6.38,    7.67
199610,    3.73,    2.82,    0.64,   -0.65,   -4.43,    4.62,    3.00,    3.12,    2.50,    1.63,   -0.84,   -0.61,   -0.69,   -2.45,   -6.21
199611,    6.53,    7.57,    6.41,    7.65,    4.82,    6.58,    6.49,    8.32,    5.93,    6.57,    6.30,    6.36,    8.63,    6.57,    3.37
199612,   -1.39,   -1.44,   -0.72,   -1.38,   -1.23,   -1.20,   -1.63,   -2.29,   -0.62,   -0.49,   -0.92,    0.39,   -3.37,   -0.23,   -2.12
199701,    5.03,    7.21,    3.54,    6.22,    4.66,    4.84,    5.24,    6.15,    8.45,    4.20,    2.62,    6.36,    6.00,    4.71,    4.62
199702,    2.29,    2.28,   -1.55,   -1.89,   -6.22,    2.96,    1.80,    2.04,    2.58,    0.04,   -3.30,    0.22,   -4.17,   -5.10,   -7.17
199703,   -2.89,   -4.88,   -4.61,   -4.85,   -7.47,   -2.33,   -3.22,   -4.27,   -5.48,   -5.69,   -2.19,   -4.81,   -4.88,   -5.83,   -8.98
199704,    4.50,    5.94,    7.21,    2.27,   -0.43,    3.35,    5.39,    6.53,    5.19,    7.43,    6.96,    1.56,    3.35,    1.57,   -2.60
199705,    5.42,    5.31,    6.01,    8.75,   14.25,    6.15,    4.88,    5.34,    5.27,    5.74,    6.45,    6.97,   11.62,   13.23,   15.55
199706,    5.21,    4.95,    3.66,    4.75,    2.93,    4.88,    5.49,    4.63,    5.41,    5.09,    2.26,    5.20,    4.08,    2.80,    3.11
199707,    7.80,    5.50,    9.56,    9.32,    9.11,    8.57,    7.16,    4.98,    6.38,   12.81,    5.61,    8.13,   10.49,   10.25,    7.95
199708,   -6.24,   -4.91,   -3.37,   -2.47,    1.76,   -7.42,   -5.12,   -5.68,   -4.00,   -4.67,   -1.48,   -3.49,   -0.73,    0.83,    2.78
199709,    6.33,    4.98,    5.83,    5.69,    6.25,    6.28,    6.38,    5.09,    4.86,    5.12,    7.24,    5.76,    5.60,    6.02,    6.50
199710,   -2.24,   -2.28,   -3.29,   -4.04,   -7.29,   -1.21,   -2.72,   -2.33,   -2.23,   -3.36,   -3.19,   -2.62,   -5.71,   -7.54,   -7.02
199711,    5.82,    4.38,    3.27,    1.74,   -2.97,    5.68,    5.89,    4.68,    4.07,    2.03,    5.15,    4.30,   -0.14,   -2.32,   -3.52
199712,    4.56,    1.73,    1.05,   -0.31,   -1.56,    3.76,    5.11,    1.93,    1.50,    2.19,    0.16,   -2.60,    1.41,    0.15,   -3.43
199801,   -0.19,    0.27,    1.80,    1.83,    0.15,   -0.61,    0.18,   -1.88,    3.09,    1.70,    1.94,    1.84,    1.83,    1.29,   -1.23
199802,    6.78,    7.58,    7.63,    7.09,    8.68,    5.52,    7.75,    7.68,    7.49,    7.61,    7.65,    8.20,    6.23,    8.38,    9.12
199803,    6.26,    4.90,    4.04,    5.42,    4.28,    7.51,    4.76,    5.44,    3.87,    3.10,    5.85,    7.76,    3.28,    5.46,    3.02
199804,   -0.13,    1.40,    2.36,   -0.05,    2.78,   -0.35,    0.08,    0.37,    2.88,    1.26,    3.73,   -2.30,    2.61,    2.04,    3.68
199805,   -2.04,    0.36,   -2.84,   -5.14,   -6.95,   -1.95,   -2.11,    0.13,    0.61,   -2.20,   -3.66,   -1.37,   -7.93,   -6.08,   -8.22
199806,    2.99,    2.88,    6.27,    4.18,    1.50,    4.09,    2.18,    2.99,    2.73,    7.52,    4.72,    4.57,    3.82,    2.06,    0.69
199807,   -3.93,   -1.76,    0.36,   -0.86,   -5.43,   -2.92,   -4.82,   -1.37,   -2.28,    2.06,   -1.36,   -1.79,    0.57,   -4.70,   -6.09
199808,  -11.31,  -15.26,  -14.93,  -17.00,  -24.45,   -9.12,  -13.64,  -16.04,  -14.41,  -14.74,  -15.16,  -16.02,  -18.76,  -22.83,  -26.54
199809,    5.15,    6.37,    4.74,    9.53,   11.59,    1.72,    7.59,    7.05,    5.65,    4.02,    5.75,   10.75,    7.40,   12.57,   10.37
199810,    5.48,    7.81,    8.33,    9.96,    7.35,    3.10,    7.46,    7.77,    7.88,    6.19,   10.32,   10.68,    9.06,    7.27,    7.45
199811,    6.43,    4.73,    7.13,    7.46,    8.81,    6.98,    6.00,    5.35,    4.12,    7.59,    6.51,    7.62,    7.26,    9.41,    8.01
199812,    6.10,    5.73,    7.56,    7.39,    8.13,    4.94,    6.83,    3.41,    8.14,    6.31,    9.17,    6.60,    8.38,    8.15,    8.11
199901,   -1.13,    4.38,    6.20,    5.29,   11.61,   -2.55,   -0.06,    4.61,    4.09,    3.95,    9.01,    4.61,    6.08,    8.60,   15.38
199902,   -0.91,   -3.35,   -4.26,   -5.32,   -8.26,   -2.16,    0.04,   -5.02,   -1.36,   -4.69,   -3.37,   -4.65,   -6.04,   -8.47,   -7.98
199903,    2.86,    4.04,    1.62,    3.12,   11.41,    3.66,    2.44,    3.95,    4.10,    0.82,    2.60,    5.82,    1.38,   12.40,   10.19
199904,    2.99,    4.32,    5.83,    4.04,    9.11,   -0.43,    4.84,    1.10,    8.02,    4.17,    8.70,    5.97,    2.14,    6.01,   12.17
199905,   -2.98,   -1.11,   -1.49,   -2.74,   -2.15,   -2.48,   -3.32,   -2.85,    2.74,   -1.75,   -1.11,   -1.13,   -4.19,   -0.12,   -4.21
199906,    5.10,    4.14,    5.71,    4.65,    7.43,    3.23,    5.71,    4.11,    4.20,    4.44,    7.72,    5.43,    4.05,    7.34,    7.55
199907,   -3.18,   -3.41,   -2.45,   -1.82,   -4.83,   -2.08,   -3.50,   -3.13,   -3.93,   -4.50,    0.00,   -2.84,   -1.16,   -4.17,   -5.42
199908,   -0.34,   -2.84,   -0.08,   -0.59,   -0.07,   -1.07,    0.00,   -0.81,   -4.59,   -0.77,    0.75,   -3.51,    2.65,    0.43,   -0.58
199909,   -2.88,   -3.75,   -3.29,   -1.18,    1.88,   -0.66,   -3.86,   -4.39,   -2.71,   -2.29,   -5.08,   -2.93,    0.05,   -0.70,    4.03
199910,    7.30,    7.15,    4.51,    1.77,   10.16,   10.48,    5.43,    9.75,    4.46,    4.58,    4.41,   -1.33,    5.44,   11.38,    8.81
199911,    0.15,    0.99,    1.62,    7.04,   14.92,   -4.02,    1.70,   -1.36,    2.66,   -2.12,    7.54,    5.46,    8.67,   12.61,   17.25
199912,    6.44,    3.02,    5.33,    9.02,   21.31,    7.68,    5.58,    4.01,    1.55,    3.78,    7.77,   10.19,    7.27,   18.88,   24.31
200001,   -4.95,   -5.05,   -5.63,    2.32,   -4.55,   -7.50,   -3.85,   -1.44,   -9.06,   -8.22,   -2.06,    1.46,    3.63,   -5.37,   -3.74
200002,   -6.65,   -8.39,   -3.91,    8.79,   25.94,   -4.32,   -8.36,   -5.72,  -11.48,   -4.72,   -2.04,    6.22,   11.68,   27.32,   24.99
200003,   11.72,   11.37,   11.78,    6.38,   -7.34,   14.06,   10.41,   13.32,   10.54,   12.44,   10.77,    9.11,    3.93,    1.65,  -13.27
200004,    2.95,   -1.17,   -5.77,   -4.46,  -15.30,    2.10,    3.61,   -3.19,    0.72,   -7.21,   -2.75,   -1.43,   -6.84,   -9.51,  -19.85
200005,    2.13,    2.15,   -5.77,   -6.11,  -11.00,    0.75,    3.82,    2.27,    2.01,   -6.42,   -5.09,   -2.70,   -8.37,   -7.17,  -14.15
200006,   -3.28,   -1.66,    4.72,    6.53,   16.92,   -1.27,   -4.61,   -2.26,   -1.33,    5.58,    3.41,    7.84,    3.87,    8.45,   24.09
200007,    1.13,    1.41,   -1.57,   -3.65,   -7.05,   -1.08,    2.70,   -1.48,    3.21,   -2.69,    0.59,   -3.05,   -4.63,   -5.35,   -8.04
200008,    7.64,    4.87,    5.42,    6.92,   13.80,    4.04,    9.22,    3.02,    6.23,    3.20,    7.05,    3.67,    9.08,   13.33,   14.12
200009,   -4.80,   -1.54,   -2.51,   -7.58,   -9.22,    3.79,  -10.71,   -5.05,    2.92,   -4.73,    0.24,   -8.34,   -7.08,  -10.98,   -8.17
200010,   -1.02,    1.84,   -0.06,   -2.67,   -9.73,    0.13,   -1.85,    4.52,   -0.29,    2.29,   -2.34,   -2.46,   -2.87,   -5.35,  -15.01
200011,   -1.62,   -3.16,   -5.96,  -12.77,  -24.86,    1.95,   -3.99,   -2.84,   -3.52,    0.87,  -11.84,  -10.44,  -16.56,  -20.86,  -31.40
200012,    3.68,    3.46,    5.42,   -3.05,   -0.94,    6.51,    2.49,    2.68,    4.17,    3.37,    7.74,   -3.03,   -3.09,   -0.84,   -1.07
200101,   -4.65,   -4.96,    3.85,    9.89,   16.17,   -6.37,   -4.12,   -5.73,   -3.99,    2.84,    4.94,    9.29,   10.51,   15.13,   17.47
200102,   -0.90,   -1.55,   -4.49,  -17.36,  -28.18,    0.49,   -1.67,    0.40,   -2.74,   -0.43,   -7.20,  -16.34,  -18.33,  -24.21,  -33.03
200103,   -3.27,   -4.96,   -4.64,   -8.32,  -17.07,   -3.07,   -3.48,   -5.71,   -3.72,   -3.40,   -5.69,   -9.42,   -7.23,  -13.53,  -21.18
200104,    5.01,    5.03,    8.74,    9.84,   17.80,    5.78,    4.01,    6.00,    3.70,    5.05,   13.21,   10.12,    9.26,   14.18,   22.44
200105,    2.34,    2.10,    1.50,    2.18,   -3.25,    3.29,    1.75,    3.50,    1.20,    0.95,    2.47,    2.49,    1.73,   -2.92,   -3.57
200106,   -1.38,   -2.84,   -1.81,   -1.39,    0.48,   -2.96,   -0.68,   -1.99,   -3.53,   -0.97,   -2.93,   -3.51,    0.05,    2.32,   -1.55
200107,   -2.25,    2.25,    0.61,   -3.70,   -9.91,    0.40,   -3.64,    3.79,    0.69,    1.06,    0.02,   -4.12,   -3.08,   -6.45,  -14.21
200108,   -2.85,   -6.11,   -6.17,   -9.02,  -12.77,   -2.04,   -3.38,   -5.98,   -6.32,   -6.12,   -6.25,   -9.84,   -8.07,   -9.69,  -15.73
200109,   -3.44,   -7.63,   -8.20,  -17.16,  -21.78,   -4.33,   -2.85,   -6.42,   -9.15,   -6.53,  -10.75,  -16.91,  -17.54,  -19.25,  -24.85
200110,    1.29,    0.30,    1.48,    6.75,   14.74,    0.26,    2.01,   -1.35,    1.65,    1.53,    1.43,    2.92,   10.82,   10.93,   19.54
200111,    3.92,    8.79,    9.11,    9.16,   15.33,    3.71,    4.07,    6.85,   12.25,    7.66,   10.55,    8.20,    9.73,   16.75,   13.17
200112,    0.81,    3.06,    1.92,    0.09,    3.47,    3.18,   -0.52,    3.77,    1.68,    0.47,    4.90,    0.98,   -0.51,    1.95,    5.18
200201,   -0.75,   -0.34,   -3.66,    0.94,   -4.75,   -0.64,   -0.85,   -1.63,    1.24,   -2.00,   -5.94,    3.61,   -2.01,   -4.26,   -5.46
200202,    0.38,    0.76,   -4.28,   -4.84,  -14.46,    1.29,   -0.32,    1.37,   -0.10,   -6.93,    0.05,   -5.28,   -4.27,  -14.04,  -15.13
200203,    3.60,    2.82,    3.71,    6.31,   10.99,    3.89,    3.29,    1.64,    4.91,    2.97,    5.07,    6.07,    6.57,    8.48,   16.09
200204,   -4.46,   -3.92,   -2.40,   -6.02,  -12.93,   -2.36,   -6.02,   -3.50,   -4.49,   -2.30,   -2.47,   -6.73,   -5.26,  -12.97,  -12.87
200205,   -0.64,    0.31,   -0.56,   -1.87,   -7.84,    0.00,   -1.36,   -0.78,    1.55,   -0.45,   -0.69,   -2.39,   -1.42,   -6.18,  -10.49
200206,   -4.45,   -4.29,  -10.81,   -9.16,  -14.86,   -4.12,   -4.81,   -3.92,   -4.66,  -11.99,   -8.86,   -8.15,  -10.24,  -11.54,  -20.38
200207,   -5.71,   -6.74,  -10.33,  -10.07,  -11.61,   -5.91,   -5.53,   -7.92,   -5.33,  -10.49,  -10.03,   -9.13,  -11.40,   -8.08,  -18.00
200208,    0.96,    0.92,    0.84,   -0.17,   -0.31,    2.16,    0.12,   -0.33,    2.05,    0.84,    0.85,    1.30,   -2.07,   -0.85,    1.29
200209,  -10.16,   -7.95,   -9.23,  -10.97,  -16.13,   -8.47,  -11.50,   -7.56,   -8.42,   -8.30,  -10.48,  -12.74,   -8.32,  -15.48,  -17.61
200210,    5.01,    7.51,    9.89,    9.48,   12.31,    4.51,    5.50,    7.44,    7.61,    8.63,   11.44,    9.58,    9.32,   12.76,   11.44
200211,    2.25,    2.89,    7.23,   11.67,   21.27,    0.64,    3.59,    2.73,    3.11,    4.90,    9.54,    6.08,   19.00,   16.76,   28.36
200212,   -3.40,   -5.11,   -4.36,   -8.31,  -13.40,   -1.71,   -4.49,   -5.13,   -5.07,   -3.05,   -5.56,   -8.36,   -8.22,  -13.14,  -13.69
200301,   -2.77,   -2.61,   -4.13,   -1.69,    0.69,   -2.43,   -3.03,   -3.06,   -2.08,   -4.03,   -4.23,   -1.43,   -2.12,   -0.52,    2.11
200302,   -1.50,   -1.07,   -3.94,   -0.93,   -4.02,   -1.93,   -1.26,   -0.29,   -2.25,   -2.94,   -5.16,   -2.47,    0.87,   -3.26,   -5.45
200303,    2.03,   -0.08,    1.91,   -0.85,    2.09,    1.43,    2.70,    0.68,   -1.76,    1.09,    2.98,    0.45,   -2.16,    2.25,    1.78
200304,    6.95,    8.16,    7.79,   11.03,   15.51,    8.29,    5.65,    6.96,    9.37,    8.14,    7.38,   11.00,   11.07,   14.29,   17.84
200305,    3.28,    4.48,    7.51,   11.04,   18.18,    2.80,    3.87,    4.36,    4.63,    7.90,    7.04,    7.83,   15.00,   16.29,   21.46
200306,    1.07,    0.93,    2.33,    1.56,    3.81,    0.36,    2.04,   -0.01,    1.95,    2.34,    2.32,    1.22,    2.11,    3.67,    4.02
200307,    1.98,    0.79,    3.74,    2.79,    6.65,    2.37,    1.24,    0.85,    0.68,    2.29,    5.58,    4.09,    1.51,    5.08,    8.37
200308,    0.63,    0.96,    4.66,    6.45,    6.43,    1.77,   -1.16,   -0.78,    3.50,    2.75,    6.74,    5.16,    7.99,    6.93,    5.84
200309,    0.27,   -2.46,   -2.40,   -1.87,   -1.49,   -0.57,    1.23,   -1.76,   -3.22,   -3.43,   -1.42,   -1.22,   -2.65,   -2.61,   -0.33
200310,    3.71,    5.64,    8.48,    9.58,   11.13,    5.03,    2.36,    4.97,    6.47,    7.07,   10.06,    9.85,    9.21,    9.90,   12.25
200311,    0.95,    0.12,    1.97,    2.63,    3.46,    0.24,    1.84,    1.02,   -0.66,    2.07,    1.89,    2.15,    3.10,    3.48,    3.44
200312,    4.82,    4.74,    5.90,    1.57,    1.62,    4.62,    5.01,    4.23,    5.40,    6.49,    5.13,    1.88,    1.25,    1.74,    1.49
200401,    1.22,    1.70,    2.53,    2.74,    7.31,    1.23,    1.19,    1.70,    1.68,    2.68,    2.38,    2.52,    3.03,    5.37,    9.39
200402,    1.79,    1.71,    0.64,    2.10,    0.09,    2.01,    1.49,    1.68,    1.76,    1.46,   -0.27,    2.00,    2.23,    0.75,   -0.53
200403,   -1.78,   -1.18,   -0.27,   -0.44,   -1.08,   -1.38,   -2.51,   -1.98,    0.78,    0.80,   -1.64,   -0.04,   -0.87,   -0.88,   -1.26
200404,   -0.71,   -0.86,   -1.60,   -4.69,   -6.36,   -0.40,   -1.08,   -0.56,   -1.14,   -1.77,   -1.45,   -4.69,   -4.70,   -5.05,   -7.76
200405,    0.73,    0.46,    2.63,    1.95,    3.33,    1.56,   -0.56,   -0.41,    1.76,    2.94,    2.26,    1.08,    3.12,    2.69,    3.90
200406,    1.24,    3.04,    1.78,    3.10,    1.74,    1.53,    0.83,    3.11,    2.90,    1.37,    2.32,    2.96,    3.33,    1.36,    2.09
200407,   -1.83,   -4.06,   -4.73,   -6.32,  -11.00,   -1.54,   -2.41,   -2.32,   -6.01,   -4.89,   -4.55,   -6.08,   -6.62,   -9.51,  -12.26
200408,    1.85,   -0.24,   -0.09,   -2.54,   -3.36,    2.22,    1.02,   -0.93,    0.86,    0.39,   -0.58,   -3.83,   -0.61,   -2.58,   -4.12
200409,   -0.19,    1.60,    5.12,    3.84,    5.06,   -0.44,    0.25,    1.58,    1.66,    5.30,    4.92,    2.42,    5.60,    5.31,    4.78
200410,    0.87,    0.98,    2.33,    3.17,    2.43,    0.49,    1.49,    0.74,    1.43,    2.07,    2.59,    2.10,    4.09,    3.63,    1.14
200411,    3.66,    4.12,    5.39,    6.25,    7.66,    3.18,    4.26,    3.47,    5.04,    5.22,    5.56,    6.57,    5.87,    7.61,    7.71
200412,    3.20,    2.79,    4.12,    3.68,    6.09,    2.94,    3.81,    3.13,    2.44,    4.67,    3.56,    3.54,    3.84,    4.85,    7.19
200501,   -1.98,   -1.36,   -3.38,   -2.57,   -5.89,   -1.73,   -2.50,   -0.86,   -1.98,   -2.72,   -4.01,   -3.82,   -1.22,   -5.99,   -5.75
200502,    1.36,    2.77,    2.33,    1.90,    3.25,    1.60,    0.91,    2.98,    2.42,    2.51,    2.09,    2.52,    1.03,    5.21,    0.89
200503,   -1.78,   -1.35,   -0.76,   -1.24,   -4.01,   -1.69,   -1.88,   -2.35,    0.38,   -0.44,   -1.20,   -1.26,   -1.21,   -3.04,   -4.97
200504,   -0.34,   -3.82,   -2.99,   -4.04,   -4.90,   -0.13,   -0.67,   -3.90,   -3.67,   -2.29,   -4.34,   -3.95,   -4.11,   -5.52,   -4.35
200505,    2.25,    3.63,    4.55,    7.57,    7.50,    1.44,    3.57,    5.21,    2.18,    3.83,    5.54,    6.56,    8.19,    6.20,    8.51
200506,   -1.08,    1.80,    1.85,    3.44,    2.90,   -1.59,    0.10,    1.35,    2.52,    1.75,    1.99,    4.75,    2.32,    2.61,    3.21
200507,    2.09,    5.57,    4.55,    7.29,    7.52,    1.56,    3.11,    4.45,    7.59,    4.69,    4.26,    6.82,    7.71,    7.48,    7.57
200508,   -1.09,   -1.99,    1.31,    0.06,   -1.81,   -0.83,   -1.64,   -1.08,   -3.01,    1.42,    1.14,    0.73,   -0.70,   -1.82,   -1.80
200509,    0.33,   -0.22,    1.50,    3.15,    1.06,   -0.08,    0.87,    0.35,   -0.97,    1.36,    1.68,    4.01,    2.08,    1.33,    0.67
200510,   -0.26,   -2.48,   -2.21,   -3.34,   -3.56,    0.52,   -2.38,   -2.07,   -3.10,   -2.37,   -2.01,   -5.41,   -1.62,   -3.49,   -3.67
200511,    3.75,    3.60,    2.55,    6.00,    5.10,    4.03,    3.23,    3.91,    3.23,    2.30,    2.86,    6.17,    5.75,    4.86,    5.60
200512,   -0.20,   -0.85,    0.50,    0.76,    2.04,   -0.58,    0.77,   -1.55,    0.15,    1.75,   -1.10,    1.34,    0.38,    2.15,    1.90
200601,    1.42,    1.60,    1.91,    9.08,    9.64,    0.59,    2.57,    1.03,    1.99,    0.50,    4.36,    7.93,   10.27,    8.78,   10.85
200602,    1.28,    1.31,    0.57,   -3.04,   -3.65,    1.81,    0.66,    0.91,    1.73,    0.92,    0.13,   -1.55,   -4.84,   -4.79,   -2.04
200603,    1.29,    1.48,    2.19,    1.95,    4.23,    1.15,    1.53,    0.79,    2.24,    3.39,    0.66,    0.06,    4.66,    4.05,    4.47
200604,    1.50,    0.56,   -0.97,    1.73,    2.73,    2.89,   -0.37,    1.30,   -0.47,   -0.56,   -1.48,    1.70,    1.79,    3.85,    1.72
200605,   -1.45,   -3.17,   -4.27,   -3.93,   -7.34,   -1.07,   -2.24,   -3.28,   -2.92,   -3.42,   -4.73,   -4.14,   -3.60,   -7.23,   -7.46
200606,    0.30,   -0.64,    0.40,    0.68,   -0.67,   -0.18,    1.17,   -1.34,    0.48,    0.48,    0.31,    0.41,    1.07,   -0.96,   -0.34
200607,    2.42,   -0.84,   -3.02,   -1.55,   -6.81,    2.55,    2.25,   -0.13,   -1.97,   -4.17,   -1.80,   -1.59,   -1.49,   -5.13,   -8.44
200608,    2.19,    2.69,    2.58,    1.76,    3.53,    2.76,    1.47,    2.81,    2.48,    2.48,    2.70,    2.41,    0.78,    2.73,    4.30
200609,    2.55,    2.95,    2.13,    0.80,    1.10,    2.83,    2.21,    2.30,    3.95,    1.11,    3.65,    0.54,    1.20,    1.41,    0.73
200610,    2.36,    4.60,    2.83,    5.41,    5.15,    2.38,    2.33,    4.83,    4.32,    3.21,    2.34,    4.35,    6.39,    5.07,    5.25
200611,    0.83,    1.91,    2.47,    3.19,    5.89,    0.59,    1.18,    0.12,    3.65,    1.04,    3.84,    3.60,    2.89,    6.76,    4.57
200612,    2.92,    1.66,    0.60,   -1.61,   -1.46,    3.27,    2.31,    1.05,    2.10,    0.84,    0.27,   -0.31,   -3.10,   -1.33,   -1.60
200701,    0.73,    2.38,    2.35,    2.90,    2.70,    0.26,    1.22,    3.87,    1.09,    3.28,    1.67,    2.87,    2.96,    3.31,    2.01
200702,   -2.07,   -1.91,   -1.15,   -0.90,   -0.75,   -1.46,   -2.61,   -1.56,   -2.21,   -1.75,   -0.49,   -1.36,   -0.05,    0.18,   -1.86
200703,    0.49,    1.44,    1.57,    1.21,    2.19,    0.18,    0.76,    1.41,    1.48,    1.14,    2.05,    0.98,    1.57,    3.43,    0.79
200704,    3.50,    4.39,    4.67,    3.73,    3.29,    3.68,    3.21,    4.70,    3.87,    4.98,    4.18,    3.20,    4.25,    3.69,    2.81
200705,    2.71,    4.33,    4.63,    3.91,    4.21,    2.35,    3.22,    3.81,    5.10,    5.46,    3.95,    3.42,    4.42,    5.00,    3.49
200706,   -1.78,   -1.46,   -1.64,   -1.26,   -0.83,   -2.25,   -1.28,   -1.95,   -0.72,   -2.33,   -0.79,   -1.38,   -1.10,   -0.79,   -0.89
200707,   -3.18,   -3.05,   -3.51,   -3.09,   -5.25,   -3.20,   -3.13,   -3.27,   -2.72,   -4.53,   -2.31,   -3.19,   -2.95,   -6.44,   -3.83
200708,    2.58,    0.54,    0.71,    0.64,   -0.64,    2.85,    2.04,    0.47,    0.63,    1.51,   -0.55,    0.86,    0.34,   -1.00,   -0.21
200709,    3.78,    2.83,    1.84,    5.64,    4.22,    3.96,    3.29,    2.82,    2.85,    1.93,    1.75,    6.90,    4.38,    4.74,    3.65
200710,    1.47,    2.85,    2.59,    4.01,    1.54,    1.36,    1.69,    3.03,    2.66,    1.91,    3.34,    1.30,    6.98,    2.61,    0.53
200711,   -2.63,   -5.37,   -5.98,   -7.54,  -10.31,   -2.50,   -2.88,   -4.32,   -6.42,   -5.90,   -6.10,   -7.76,   -7.27,   -9.21,  -12.18
200712,   -0.74,   -0.10,    0.26,   -2.38,   -1.02,   -0.25,   -1.75,   -0.85,    0.47,   -0.43,    1.00,   -2.61,   -2.08,   -0.83,   -1.23
200801,   -5.37,   -5.68,   -7.54,   -7.36,   -7.99,   -5.13,   -5.88,   -4.99,   -6.42,   -8.27,   -6.45,   -6.24,   -8.68,   -5.98,  -10.30
200802,   -2.26,   -3.95,   -3.41,   -0.94,   -6.41,   -2.29,   -2.19,   -2.85,   -5.45,   -3.68,   -3.09,    0.50,   -2.48,   -5.20,   -8.17
200803,    0.61,   -1.99,    0.25,   -3.74,   -4.33,    1.21,   -0.46,   -2.18,   -1.74,    2.83,   -2.66,   -3.02,   -4.84,   -3.38,   -5.93
200804,    2.94,    4.47,    7.33,    7.76,    7.19,    2.19,    4.11,    2.53,    6.86,    6.18,    8.93,    9.35,    5.77,    8.25,    6.05
200805,    1.61,    2.08,    1.19,    4.48,    3.04,    0.85,    2.84,    2.66,    1.24,    2.01,   -0.21,    3.37,    5.62,    4.27,    1.38
200806,   -7.42,   -8.77,  -10.55,   -8.26,   -7.30,   -7.47,   -7.37,   -8.59,   -9.02,  -12.34,   -8.20,   -9.01,   -7.60,   -5.78,   -8.73
200807,    0.57,    3.04,   -2.30,   -9.04,   -5.04,    1.82,   -0.63,    2.08,    4.46,   -2.31,   -2.28,   -9.67,   -8.40,   -7.17,   -1.02
200808,    2.51,    2.00,    1.56,   -0.37,   -3.09,    2.36,    2.67,    3.07,    0.93,    0.99,    2.22,    1.45,   -1.40,   -2.86,   -3.38
200809,   -5.12,   -8.18,  -11.64,  -15.19,  -22.17,   -3.79,   -7.72,   -9.36,   -5.84,   -9.70,  -13.70,  -13.75,  -16.89,  -22.20,  -22.12
200810,  -12.95,  -17.47,  -21.54,  -22.07,  -24.35,  -11.70,  -14.84,  -19.58,  -15.36,  -18.42,  -24.66,  -21.50,  -23.23,  -26.43,  -19.27
200811,   -3.56,   -8.29,  -14.03,  -11.94,  -16.73,   -3.70,   -3.37,   -6.81,   -9.96,  -11.16,  -16.90,  -10.54,  -13.53,  -14.24,  -19.69
200812,    1.37,    1.61,    0.86,    6.16,    2.76,    0.92,    2.56,    3.45,   -0.60,   -0.27,    3.11,    8.60,    3.40,    2.46,    3.55
200901,   -6.47,  -10.62,   -8.69,   -7.40,  -12.22,   -7.02,   -5.23,   -8.30,  -12.86,   -8.86,   -8.44,   -7.29,   -7.55,  -15.51,   -2.38
200902,   -8.54,   -9.87,  -12.04,  -12.17,  -18.57,   -8.47,   -8.66,   -8.70,  -11.24,  -13.96,   -9.26,  -10.99,  -14.55,  -18.13,  -19.73
200903,    6.18,   10.38,   12.34,   14.75,   18.38,    5.25,    7.52,   11.16,    9.29,   12.60,   12.08,   10.96,   19.15,   17.38,   20.83
200904,    4.56,   11.50,   14.57,   23.36,   32.06,    3.41,    5.84,   10.38,   13.73,   14.16,   15.13,   18.79,   30.47,   31.81,   32.49
200905,    3.56,    3.16,    7.14,   11.68,   15.45,    3.64,    3.45,    1.90,    5.34,    7.68,    6.17,   10.67,   13.18,   15.34,   15.73
200906,    1.51,    0.43,   -1.93,   -1.93,    0.91,    1.01,    2.25,    2.11,   -2.06,   -3.38,   -0.08,   -2.07,   -1.77,    1.31,   -0.33
200907,    7.07,    6.88,    7.98,   10.94,   15.32,    5.94,    8.92,    6.12,    8.43,    8.19,    7.81,    7.89,   14.93,   16.15,   13.60
200908,    1.59,    3.80,    4.77,    6.27,   13.05,    1.09,    2.31,    4.27,    2.99,    5.23,    4.10,    7.26,    4.97,   10.13,   17.39
200909,    2.78,    4.96,    5.27,    7.19,    7.46,    2.14,    3.64,    5.34,    4.44,    6.30,    4.32,    7.45,    6.84,    7.65,    7.15
200910,   -0.20,   -3.29,   -4.03,   -5.66,  -12.99,    0.54,   -1.18,   -1.50,   -5.24,   -3.10,   -5.04,   -4.93,   -6.71,  -11.00,  -15.09
200911,    5.43,    6.09,    5.43,    5.34,    5.03,    5.80,    5.10,    5.77,    6.72,    4.37,    7.14,    5.88,    4.61,    4.93,    5.20
200912,    1.60,    3.09,    3.75,    3.84,    7.12,    0.59,    2.78,    2.48,    4.11,    2.39,    6.15,    6.91,    0.57,    8.50,    5.26
201001,   -3.54,   -3.04,   -3.26,   -3.46,   -3.17,   -2.10,   -5.07,   -3.87,   -2.12,   -4.07,   -2.24,   -2.90,   -4.36,   -2.02,   -4.42
201002,    2.54,    3.33,    4.76,    4.21,    6.07,    2.45,    2.66,    3.70,    2.91,    5.06,    4.32,    3.09,    6.14,    6.81,    4.93
201003,    4.50,    7.56,    6.80,    9.55,    9.12,    3.92,    5.66,    6.36,    9.20,    5.92,    7.83,    9.62,    9.40,   10.01,    7.95
201004,    1.03,    2.31,    2.13,    3.84,    6.43,    0.79,    1.40,    1.43,    3.56,    3.90,    0.54,    4.52,    2.99,    5.47,    7.48
201005,   -7.96,   -7.30,   -8.12,   -8.34,   -8.54,   -7.30,   -8.94,   -6.36,   -8.86,   -8.53,   -7.65,   -7.90,   -8.95,   -6.18,  -10.95
201006,   -4.23,   -5.34,   -7.66,   -8.11,  -10.14,   -2.20,   -7.08,   -4.38,   -6.70,   -6.85,   -8.65,   -8.64,   -7.40,   -9.34,  -11.03
201007,    6.28,    7.30,    7.16,    8.28,    9.77,    6.57,    5.88,    7.50,    7.03,    6.56,    8.03,    8.37,    8.13,   10.64,    8.92
201008,   -3.04,   -6.20,   -6.90,   -6.03,   -5.24,   -2.50,   -3.76,   -6.91,   -4.94,   -7.48,   -5.63,   -6.10,   -5.93,   -3.30,   -7.74
201009,    7.61,    9.71,   12.17,   12.69,   13.48,    7.11,    8.33,    9.76,    9.64,   12.02,   12.39,   12.29,   13.25,   12.76,   14.28
201010,    2.93,    4.48,    4.48,    5.61,    3.71,    2.84,    3.13,    3.98,    5.36,    4.73,    4.16,    3.83,    7.41,    3.26,    4.18
201011,   -0.41,    0.92,    0.77,    2.75,    2.89,   -0.46,   -0.31,   -0.05,    2.31,    3.47,   -1.49,    1.47,    4.98,    3.00,    2.72
201012,    5.57,    7.69,    7.63,    9.25,    6.16,    4.47,    7.23,    7.21,    8.17,    8.46,    6.89,    9.55,    8.86,    6.29,    5.99
201101,    1.52,    3.24,    1.36,    3.36,   -0.71,    1.86,    1.05,    3.97,    2.45,    3.37,   -0.35,    4.06,    2.70,   -0.83,   -0.58
201102,    3.42,    3.27,    4.46,    4.32,    2.07,    3.42,    3.42,    2.72,    3.88,    4.21,    4.91,    4.58,    4.05,    1.39,    2.91
201103,    0.13,    0.24,    1.39,    1.07,    0.79,    0.67,   -0.34,    1.25,   -1.04,    1.28,    1.54,    1.31,    0.80,    1.15,    0.35
201104,    3.29,    3.08,    2.84,    1.73,    2.27,    3.01,    3.53,    2.84,    3.63,    2.41,    3.26,    1.95,    1.50,    1.54,    3.20
201105,   -0.87,   -1.02,   -1.94,   -1.82,   -2.31,    0.25,   -2.06,   -1.29,   -0.47,   -1.75,   -2.20,   -1.66,   -2.07,   -3.23,   -1.20
201106,   -1.44,   -1.85,   -1.66,   -2.03,   -3.08,   -1.50,   -1.38,   -1.97,   -1.65,   -2.38,   -0.92,   -1.86,   -2.23,   -3.09,   -3.07
201107,   -2.81,   -2.62,   -0.50,   -2.68,   -2.33,   -2.44,   -3.34,   -4.03,   -0.64,   -0.95,    0.04,   -2.60,   -2.82,   -1.71,   -3.27
201108,   -2.94,   -6.94,   -9.27,   -8.61,  -10.46,   -1.78,   -4.38,   -7.17,   -6.68,   -8.38,  -10.65,   -8.71,   -8.51,   -9.82,  -11.62
201109,   -4.52,   -9.23,  -10.08,  -12.19,  -13.85,   -3.90,   -5.28,   -8.28,  -10.71,   -8.58,  -11.81,  -10.56,  -14.58,  -13.20,  -14.74
201110,    8.28,   13.94,   15.56,   16.74,   12.22,    7.12,   10.43,   12.32,   16.19,   16.19,   14.91,   16.05,   17.64,   12.72,   11.61
201111,    1.00,   -0.58,   -1.52,   -2.19,   -4.44,    1.31,    0.52,   -0.08,   -1.53,   -1.17,   -1.87,   -1.21,   -3.18,   -6.20,   -1.95
201112,    2.93,   -0.16,   -1.94,   -3.56,   -1.80,    3.18,    2.53,   -0.09,   -0.28,   -2.00,   -1.88,   -2.73,   -4.41,   -1.52,   -2.16
201201,    1.59,    6.80,    8.37,   10.81,   11.13,    0.61,    2.92,    7.10,    6.33,    8.43,    8.31,   11.79,    9.66,    9.08,   13.92
201202,    2.53,    6.79,    3.97,    5.76,    5.95,    2.22,    2.95,    8.16,    4.20,    4.16,    3.80,    4.66,    7.59,    5.34,    6.81
201203,    3.50,    3.32,    3.08,    1.81,    0.95,    3.01,    4.16,    3.65,    2.77,    2.79,    3.47,    1.00,    2.71,    1.38,    0.30
201204,   -0.04,   -0.58,   -2.33,   -1.97,   -2.93,    0.34,   -0.56,   -0.21,   -1.04,   -2.45,   -2.16,   -4.10,    0.40,   -0.80,   -5.65
201205,   -4.45,   -6.57,   -8.54,   -7.58,   -9.98,   -3.14,   -6.54,   -7.70,   -4.64,   -8.54,   -8.54,   -7.10,   -8.86,  -10.56,   -9.17
201206,    4.97,    2.98,    2.07,    3.62,    4.24,    5.37,    4.34,    3.53,    2.34,    2.87,    0.77,    3.08,    5.00,    5.47,    2.40
201207,    1.60,    0.77,    0.12,   -0.07,   -2.51,    1.85,    1.26,   -0.39,    2.09,    1.39,   -2.24,   -0.04,   -0.10,   -1.73,   -3.55
201208,    0.53,    3.89,    4.14,    5.91,    4.26,   -0.48,    1.67,    2.16,    5.68,    3.72,    4.64,    5.92,    5.90,    4.10,    4.50
201209,    2.50,    2.86,    3.03,    3.03,    2.83,    2.79,    2.12,    1.91,    4.66,    2.94,    3.13,    3.05,    3.01,    2.04,    3.91
201210,   -1.20,   -1.90,   -2.40,   -2.21,   -3.92,   -1.63,   -0.57,   -0.49,   -3.43,    0.10,   -4.56,   -2.50,   -1.79,   -4.15,   -3.56
201211,    0.00,    0.82,    1.79,    2.47,    2.04,   -0.24,    0.33,    0.88,    0.73,    1.26,    2.79,    2.37,    2.61,    0.81,    3.58
201212,    0.39,    2.37,    0.05,    2.93,    3.15,    0.24,    0.60,    2.13,    2.70,   -1.36,    2.75,    2.91,    2.95,    2.92,    3.38
201301,    5.93,    5.65,    3.47,    6.22,    8.01,    5.90,    5.98,    5.84,    5.45,    7.53,   -0.05,    6.22,    6.23,    7.77,    8.27
201302,    2.28,    1.15,    0.33,    0.44,   -0.95,    2.55,    1.89,    0.61,    1.72,    0.26,    0.44,    0.21,    0.71,   -0.57,   -1.89
201303,    3.87,    4.04,    4.32,    4.66,    3.47,    3.09,    4.81,    3.90,    4.20,    4.29,    4.37,    4.26,    5.27,    2.79,    5.14
201304,    1.93,    1.99,    0.75,    0.31,    0.70,    2.53,    1.04,    1.77,    2.33,    1.66,   -0.36,   -0.49,    1.71,   -0.20,    3.06
201305,    1.13,    3.50,    4.19,    2.93,    5.88,    1.18,    1.09,    3.58,    3.37,    4.57,    3.76,    2.69,    3.42,    6.48,    5.06
201306,   -0.25,   -0.38,   -2.25,   -4.56,   -0.62,   -0.20,   -0.31,   -1.07,    0.47,   -1.46,   -2.90,   -5.70,   -2.34,   -0.78,   -0.35
201307,    5.57,    4.31,    5.26,    8.61,    8.41,    5.44,    5.83,    4.16,    4.51,    5.02,    5.46,    7.59,   10.11,    8.75,    7.99
201308,   -4.23,   -2.90,   -0.80,   -1.43,   -1.34,   -4.60,   -3.54,   -2.91,   -2.89,   -1.82,    0.23,   -2.10,   -0.86,   -2.98,   -0.19
201309,    2.23,    4.53,    5.89,    3.88,    5.68,    1.75,    3.40,    4.59,    4.49,    5.57,    6.32,    2.20,    6.71,    4.10,    8.52
201310,    4.38,    4.56,    4.34,    4.31,    1.88,    4.32,    4.56,    5.02,    4.14,    4.88,    3.40,    2.28,    5.95,    3.43,   -1.03
201311,    3.07,    2.35,    3.43,    4.13,    3.01,    3.34,    2.64,    2.59,    2.10,    2.86,    4.34,    4.67,    3.66,    2.97,    3.06
201312,    2.10,    3.09,    2.71,    3.40,    3.96,    1.62,    3.17,    3.14,    3.04,    2.37,    3.10,    2.96,    3.84,    4.47,    3.06
201401,   -4.44,   -3.90,   -2.99,   -0.71,    1.10,   -4.21,   -4.69,   -3.51,   -4.15,   -3.27,   -2.54,   -2.98,    1.37,   -0.20,    3.22
201402,    3.64,    4.97,    5.52,    4.93,    7.85,    3.03,    4.32,    4.58,    5.69,    6.25,    4.60,    4.62,    5.64,    6.90,    8.70
201403,    2.00,    1.32,   -1.60,   -1.43,   -5.85,    3.07,    0.96,    1.34,    1.30,   -0.56,   -2.89,   -1.47,   -1.34,   -5.58,   -6.18
201404,    1.08,   -1.09,    1.10,   -2.58,   -5.54,    0.91,    1.26,   -1.79,   -0.10,   -0.82,    3.66,   -2.94,   -2.15,   -3.89,   -7.52
201405,    1.51,    2.23,    2.89,    3.46,    0.53,    1.17,    2.30,    2.72,    1.49,    3.40,    2.02,    2.67,    4.12,    0.23,    0.83
201406,    1.85,    2.05,    2.88,    3.97,    7.29,    1.77,    2.01,    2.14,    1.96,    2.03,    3.71,    3.98,    3.96,    4.88,   10.63
201407,   -1.89,   -2.02,   -1.33,   -1.71,   -5.34,   -2.66,   -0.63,   -2.70,   -1.41,   -2.26,   -0.58,   -1.03,   -2.84,   -4.74,   -6.09
201408,    3.53,    4.80,    3.98,    5.66,    5.16,    3.52,    3.54,    5.24,    3.84,    2.91,    5.43,    4.69,    6.68,    4.15,    6.45
201409,   -0.78,   -1.92,   -3.42,   -3.84,   -4.44,   -0.72,   -0.92,   -1.58,   -2.55,   -2.85,   -4.05,   -3.53,   -4.37,   -5.03,   -3.74
201410,    2.64,    2.38,    2.91,    1.47,    2.84,    1.71,    4.84,    2.06,    2.87,    3.84,    1.67,    1.77,    1.07,    3.69,    1.83
201411,    2.57,    2.92,    4.00,    0.86,   -1.26,    2.42,    2.82,    2.77,    3.06,    4.44,    3.45,    0.35,    1.72,   -2.09,    0.00
201412,    0.05,    0.22,   -0.42,   -0.44,   -0.28,    0.12,   -0.05,    0.00,    0.46,    0.03,   -0.84,   -1.65,    1.59,   -0.93,    0.80
201501,   -3.42,   -2.95,   -4.19,   -0.99,   -0.30,   -5.05,   -1.59,   -2.46,   -3.68,   -4.33,   -3.98,    0.17,   -2.86,    1.25,   -3.73
201502,    6.24,    4.22,    7.20,    6.90,    7.37,    6.75,    5.61,    3.94,    4.69,    7.34,    6.82,    6.86,    6.92,    6.93,    8.61
201503,   -1.45,   -0.20,   -1.33,   -1.43,   -1.07,   -1.72,   -1.09,    0.43,   -0.89,   -1.80,   -0.29,   -2.32,   -0.27,   -1.59,    0.30
201504,    0.19,   -0.26,    1.76,    1.50,    1.59,    0.44,   -0.22,   -0.55,    0.25,    2.14,    1.44,    2.06,    0.71,    2.55,    0.34
201505,    1.23,    1.89,    1.63,    0.19,    1.84,    1.36,    1.02,    1.99,    1.72,    1.03,    2.42,   -0.66,    1.51,    1.92,    1.71
201506,   -1.40,   -1.33,   -0.57,   -3.18,   -1.86,   -1.14,   -1.93,   -2.10,   -0.13,   -0.25,   -0.97,   -4.22,   -1.45,   -1.36,   -2.50
201507,    2.55,    2.28,    0.31,    0.17,   -2.96,    2.40,    2.75,    2.90,    1.43,    0.94,   -0.56,   -1.11,    1.88,   -3.76,   -2.12
201508,   -6.36,   -5.52,   -6.09,   -4.97,   -6.97,   -6.14,   -6.61,   -5.90,   -5.04,   -6.65,   -5.21,   -5.63,   -4.32,   -6.61,   -7.46
201509,   -1.78,   -2.33,   -3.97,   -4.70,  -10.46,   -1.62,   -2.02,   -2.80,   -1.92,   -3.83,   -4.25,   -4.55,   -4.88,   -8.62,  -13.91
201510,    7.40,    7.46,    8.84,    8.92,    5.62,    7.40,    7.40,    7.33,    7.60,    8.79,    8.92,    7.59,   10.18,    4.32,    8.82
201511,    0.47,    1.01,   -0.01,    0.04,    1.78,    0.52,    0.38,    0.71,    1.34,   -0.44,    0.81,   -0.32,    0.53,    2.03,    1.25
201512,   -1.28,   -2.23,   -1.98,   -5.82,   -4.41,   -1.51,   -0.94,   -1.09,   -3.57,   -1.38,   -2.97,   -6.78,   -4.71,   -5.62,   -1.98
201601,   -4.24,   -5.19,   -6.13,  -10.34,  -16.47,   -3.95,   -4.68,   -5.21,   -5.14,   -6.05,   -6.24,  -10.59,  -10.09,  -15.65,  -18.04
201602,   -0.66,    0.50,    0.89,   -0.18,    0.84,   -0.34,   -1.25,    0.46,    0.56,    1.49,    0.18,   -1.22,    1.75,    1.17,    0.27
201603,    6.47,    6.72,    7.64,    8.06,   10.67,    6.19,    6.88,    6.87,    6.49,    7.99,    7.11,    7.43,    9.45,    8.27,   15.95
201604,    0.00,    0.34,    1.58,    3.64,    9.33,    0.93,   -1.29,   -1.07,    2.41,    0.51,    3.31,    3.14,    4.41,    5.69,   16.03
201605,    1.45,    2.58,    2.56,    0.44,    0.69,    0.91,    2.38,    2.87,    2.13,    1.54,    4.26,   -0.15,    0.97,    1.49,   -0.88
201606,    1.39,   -1.26,   -1.69,   -1.45,    0.01,    1.72,    0.79,   -0.69,   -1.96,   -2.63,   -0.78,   -0.31,   -2.63,    1.38,   -3.56
201607,    2.80,    4.02,    5.17,    7.27,    6.86,    2.22,    3.89,    2.41,    6.16,    4.91,    5.65,    6.60,    8.01,    6.47,    7.81
201608,   -0.10,    1.25,    0.89,    0.79,    1.95,    0.41,   -0.84,    0.89,    1.70,    0.52,    1.49,   -0.07,    2.01,    3.02,   -0.10
201609,   -0.50,    0.34,    1.66,    1.86,    3.66,   -0.83,    0.02,   -0.29,    0.88,    1.19,    2.17,    2.95,    0.88,    2.44,    5.34
201610,   -1.64,   -1.05,   -1.50,   -4.15,   -8.37,   -1.67,   -1.59,   -0.45,   -1.79,   -0.14,   -3.00,   -4.92,   -3.29,   -6.56,  -10.76
201611,    4.14,    2.87,    7.82,    7.40,    9.20,    3.28,    5.98,    1.18,    5.92,    7.33,    8.28,    7.41,    7.40,    7.93,   11.56
201612,    2.69,    1.11,    1.10,    0.23,    0.00,    2.56,    2.89,    1.16,    1.04,    0.49,    1.67,    0.68,   -0.46,   -0.17,    0.26
201701,    1.46,    2.73,    2.45,    1.79,    4.04,    1.07,    2.18,    4.10,    1.18,    2.13,    2.82,    1.77,    1.83,    4.29,    3.70
201702,    4.27,    3.33,    3.10,    2.80,    0.73,    4.44,    3.92,    3.39,    3.22,    4.48,    1.29,    2.90,    2.69,   -0.52,    2.24
201703,    0.17,    0.01,    0.31,    0.75,    0.27,   -0.26,    0.84,    0.73,   -1.08,    0.03,    0.71,    0.61,    0.90,    1.65,   -1.80
201704,    1.33,    1.18,    0.65,    0.68,    0.40,    1.71,    0.84,    1.16,    1.23,    0.42,    1.01,    1.05,    0.26,    1.59,   -0.79
201705,    1.84,    0.51,   -0.38,    0.54,   -0.76,    1.78,    1.99,    0.67,    0.17,    0.17,   -1.19,   -0.20,    1.70,   -0.96,   -0.47
201706,    0.09,    2.03,    1.27,    2.01,    3.64,    1.04,   -1.12,    2.87,    0.90,    1.78,    0.50,    1.97,    2.06,    2.46,    6.00
201707,    1.98,    1.84,    2.79,    0.95,    2.23,    2.33,    1.52,    1.74,    1.96,    3.71,    1.27,    0.59,    1.44,    3.79,   -0.77
201708,    1.18,   -0.21,   -0.60,   -2.04,   -0.83,    0.71,    1.97,    0.07,   -0.53,    0.08,   -1.36,   -2.05,   -2.02,   -1.62,    0.24
201709,    2.52,    1.64,    3.02,    4.58,    4.69,    1.94,    3.67,    0.20,    3.71,    2.44,    3.77,    4.66,    4.48,    3.37,    7.07
201710,    3.40,    2.33,    0.14,    1.62,   -2.29,    3.34,    3.54,    4.90,   -0.56,   -0.28,    0.58,    1.54,    1.71,   -2.14,   -2.51
201711,    3.12,    3.17,    3.69,    3.32,    2.58,    3.04,    3.20,    3.48,    2.69,    4.68,    2.97,    3.43,    3.16,    1.04,    5.65
201712,    1.19,    0.70,    1.40,    1.29,    2.08,    0.86,    1.52,    0.81,    0.51,    2.04,    0.88,    0.93,    1.84,    1.40,    3.00
201801,    5.10,    4.88,    9.06,    4.59,    3.60,    4.86,    5.40,    4.73,    5.07,    7.06,   11.68,    3.59,    6.08,    2.95,    4.68
201802,   -2.73,   -4.68,   -5.79,   -2.37,   -1.89,   -3.81,   -1.06,   -4.97,   -4.25,   -5.32,   -6.32,   -1.58,   -3.83,   -1.60,   -2.30
201803,   -2.57,   -2.15,   -2.27,   -1.48,   -0.19,   -3.00,   -1.92,   -2.25,   -2.05,   -2.68,   -1.77,   -0.29,   -2.95,    0.68,   -1.27
201804,    0.25,    0.91,    0.08,    0.66,    0.60,    0.00,    0.62,    0.36,    1.53,   -0.51,    0.73,   -0.61,    2.66,    0.97,    0.00
201805,    1.26,    3.70,    2.94,    4.13,    7.28,    0.54,    2.44,    4.47,    2.79,    3.16,    2.68,    5.54,    1.38,    7.49,    6.98
201806,    0.55,    0.63,    0.20,    1.16,    1.50,   -0.28,    1.46,    0.88,    0.47,   -1.03,    1.49,    1.69,    0.59,    2.29,    0.12
201807,    5.31,    2.99,    1.16,    2.06,   -0.18,    6.13,    4.48,    2.79,    3.31,    1.25,    1.01,    2.56,    1.57,    0.18,   -0.65
201808,    4.53,    2.17,    2.60,    3.21,    4.41,    6.31,    2.14,    2.57,    1.56,    2.34,    2.87,    4.00,    1.82,    3.49,    6.47
201809,    0.55,    0.26,    0.51,   -0.57,   -3.49,    0.35,    0.74,   -0.40,    1.29,    0.94,   -0.03,   -0.83,   -0.24,   -4.21,   -2.05
201810,   -6.26,   -7.28,   -7.82,  -12.40,  -11.64,   -4.29,   -8.59,   -8.16,   -6.31,   -7.34,   -8.57,  -12.39,  -12.41,  -11.02,  -13.02
201811,    2.35,    2.41,    2.12,   -3.15,    0.18,    3.93,   -0.43,    3.15,    1.88,    2.71,    1.04,   -4.64,   -1.33,   -1.53,    2.21
201812,   -8.92,   -9.53,   -8.81,  -11.24,  -12.29,   -8.81,   -9.23,  -10.23,   -8.56,   -7.71,  -10.49,  -10.19,  -12.59,  -11.59,  -12.93
201901,    6.59,    8.44,   12.66,   13.36,   13.51,    6.35,    7.10,    8.05,    8.96,   11.68,   14.64,   12.75,   14.09,   15.02,   10.95
201902,    3.79,    3.38,    3.41,    2.94,    5.48,    4.27,    2.94,    2.15,    5.31,    2.81,    4.74,    2.23,    4.29,    4.56,    7.12
201903,    1.26,    2.29,   -0.12,    0.86,    0.53,    1.93,   -0.07,    0.59,    3.59,    0.75,   -1.01,    0.54,    1.38,    0.40,    0.77
201904,    4.88,    4.18,    3.78,    4.05,   -0.23,    3.97,    6.36,    3.18,    4.92,    1.71,    5.97,    4.14,    3.93,   -0.57,    0.19
201905,   -5.69,   -6.41,   -9.25,   -7.39,   -9.53,   -5.24,   -6.18,   -6.67,   -6.13,   -8.65,   -9.82,   -6.78,   -8.37,   -9.28,   -9.78
201906,    6.74,    7.19,    7.16,    7.89,    8.83,    6.87,    6.50,    7.00,    7.46,    6.68,    8.07,    8.14,    7.32,   10.14,    7.50
201907,    1.05,    2.22,    2.00,    1.42,   -1.12,    1.44,    0.43,    0.94,    3.53,    2.60,    1.10,    1.31,    1.68,   -0.67,   -1.67
201908,   -0.80,   -2.80,   -3.14,   -5.43,   -6.50,   -0.62,   -1.17,   -2.24,   -3.69,   -3.50,   -2.77,   -5.09,   -5.91,   -6.52,   -6.44
201909,    2.39,    0.77,    1.59,    0.94,   -1.52,    1.53,    3.82,    0.49,    1.10,    2.49,    0.53,    0.58,    1.36,   -1.10,   -2.54
201910,    2.03,    2.03,    2.72,    3.62,    1.24,    1.58,    2.60,    1.66,    2.34,    5.39,    0.00,    3.85,    3.25,    3.26,   -2.73
201911,    3.19,    3.69,    5.10,    6.19,    9.20,    2.86,    3.72,    3.09,    4.52,    3.10,    6.98,    6.66,    5.57,    9.77,    7.53
201912,    2.96,    2.83,    1.94,    3.11,    5.61,    2.60,    3.47,    2.54,    3.18,    2.30,    1.43,    2.59,    4.01,    4.94,    6.77
202001,    1.18,   -0.23,   -3.37,   -1.12,    1.13,    1.09,    1.31,   -0.05,   -0.47,   -4.08,   -2.17,   -1.45,   -0.70,    5.73,   -3.54
202002,   -8.97,   -7.50,   -7.81,   -5.89,   -4.10,   -8.42,   -9.73,   -6.91,   -8.21,   -7.17,   -8.29,   -4.71,   -8.24,   -3.85,   -4.43
202003,  -11.89,  -13.11,  -14.59,  -16.09,  -20.97,  -12.36,  -11.27,  -13.36,  -12.73,  -10.25,  -24.43,  -13.63,  -19.96,  -20.23,  -21.67
202004,   12.75,   13.16,   14.23,   17.91,   35.72,   13.29,   10.91,   14.24,   11.49,   11.10,   19.29,   19.30,   16.69,   34.53,   38.47
202005,    4.89,    6.76,    5.62,   10.11,    7.58,    4.38,    6.70,    6.62,    6.99,    4.66,    7.30,    9.78,   10.36,    4.55,   13.16
202006,    2.41,    0.06,    2.33,    7.46,    9.46,    2.84,    0.91,    0.07,    0.04,    1.00,    4.28,    7.23,    7.80,    8.47,   11.07
202007,    6.17,    6.08,    3.16,    6.46,    6.01,    5.97,    6.70,    4.96,    6.86,    3.12,    3.22,    4.29,    9.02,    4.13,    9.63
202008,    6.91,    9.00,    4.46,   17.55,    4.50,    7.13,    6.50,   12.03,    5.05,    3.98,    5.21,    6.89,   27.66,    6.19,    1.88
202009,   -3.08,   -4.95,   -4.45,    0.41,   -5.77,   -3.27,   -2.63,   -5.37,   -4.63,   -5.16,   -2.96,    1.22,   -1.63,   -8.35,    2.77
202010,   -2.11,   -2.05,   -2.27,    0.34,   -4.34,   -2.03,   -2.32,   -1.90,   -2.26,   -2.91,   -0.25,    0.52,   -0.10,   -3.26,   -5.39
202011,    9.36,   13.18,   12.57,   20.85,   23.84,    9.28,    9.46,   13.26,   13.06,   11.90,   14.16,   19.47,   23.44,   18.00,   28.89
202012,    3.85,    2.99,    6.77,    8.15,    9.75,    3.08,    5.37,    2.29,    3.85,    7.55,    6.01,    8.00,    8.36,    5.51,   12.42
202101,   -1.44,   -1.85,    0.19,    2.57,   11.90,   -1.65,   -0.49,   -1.10,   -3.10,    0.13,    0.24,    2.84,    2.10,    9.05,   17.04
202102,    2.65,    1.99,    5.82,    7.83,   -4.21,    2.19,    4.34,    0.47,    5.22,    5.59,    6.13,    8.82,    6.24,   -3.75,   -5.17
202103,    5.31,    4.42,    1.71,   -1.74,   -6.30,    5.17,    5.65,    3.30,    6.09,    1.26,    2.22,    0.20,   -3.89,   -5.70,   -6.97
202104,    5.48,    7.15,    3.54,    2.84,   -0.89,    5.45,    5.51,    7.65,    6.54,    4.13,    2.75,    2.17,    3.38,    1.13,   -2.52
202105,    0.18,    0.97,    1.30,   -1.87,   -0.68,   -0.28,    1.07,    0.97,    0.96,    0.93,    1.84,    1.15,   -4.12,   -0.16,   -1.40
202106,    1.87,    0.96,    4.24,    4.41,   11.05,    2.67,    0.45,    0.91,    1.01,    4.73,    3.42,    3.52,    5.14,   12.15,    9.72
202107,    2.94,    2.08,   -0.21,   -1.17,   -5.65,    3.83,    1.16,    2.65,    1.56,    0.15,   -0.86,   -0.84,   -1.46,   -0.66,  -11.10
202108,    3.19,    2.11,    2.61,    3.79,    2.63,    3.74,    1.63,    1.67,    2.68,    3.28,    0.89,    4.21,    2.82,    0.18,    4.36
